"id","constraint","child_table","child_columns","parent_table","parent_columns","parent_per_child","children_per_parent"
"F001","SPRING_SESSION_ATTRIBUTES_FK","SPRING_SESSION_ATTRIBUTES","SESSION_PRIMARY_ID","SPRING_SESSION","PRIMARY_ID","1","0..N"
"F002","bug_closure_decisions_ibfk_1","bug_closure_decisions","project_id, work_item_id","bug_details","project_id, work_item_id","1","0..N"
"F003","bug_closure_decisions_ibfk_2","bug_closure_decisions","project_id, work_item_id, evidence_attachment_id","work_item_attachments","project_id, work_item_id, id","0..1","0..N"
"F004","bug_closure_decisions_ibfk_3","bug_closure_decisions","project_id, work_item_id, coverage_revision_id","bug_coverage_revisions","project_id, work_item_id, id","0..1","0..N"
"F005","bug_closure_decisions_ibfk_4","bug_closure_decisions","project_id, build_id","builds","project_id, id","0..1","0..N"
"F006","bug_closure_decisions_ibfk_5","bug_closure_decisions","project_id, decided_by","project_memberships","project_id, id","1","0..N"
"F007","bug_coverage_items_ibfk_1","bug_coverage_items","project_id, work_item_id, coverage_revision_id","bug_coverage_revisions","project_id, work_item_id, id","1","0..N"
"F008","bug_coverage_items_ibfk_2","bug_coverage_items","project_id, run_item_id","run_items","project_id, id","1","0..N"
"F009","bug_coverage_revisions_ibfk_1","bug_coverage_revisions","project_id, work_item_id","bug_details","project_id, work_item_id","1","0..N"
"F010","bug_coverage_revisions_ibfk_2","bug_coverage_revisions","project_id, build_id","builds","project_id, id","1","0..N"
"F011","bug_coverage_revisions_ibfk_3","bug_coverage_revisions","project_id, created_by","project_memberships","project_id, id","1","0..N"
"F012","fk_bug_build","bug_details","project_id, build_id","builds","project_id, id","1","0..N"
"F013","fk_bug_device","bug_details","project_id, device_id","devices","project_id, id","1","0..N"
"F014","fk_bug_env","bug_details","project_id, environment_id","environments","project_id, id","1","0..N"
"F015","fk_bug_fixed_build","bug_details","project_id, fixed_build_id","builds","project_id, id","0..1","0..N"
"F016","fk_bug_policy","bug_details","policy_version","work_item_policy_versions","code","1","0..N"
"F017","fk_bug_revision","bug_details","project_id, test_case_id, revision_id","test_case_revisions","project_id, test_case_id, id","0..1","0..N"
"F018","fk_bug_rule_version","bug_details","project_id, rule_version_id","rule_versions","project_id, id","0..1","0..N"
"F019","fk_bug_work","bug_details","project_id, work_item_id, item_type","work_items","project_id, id, item_type","1","0..1"
"F020","bug_retest_state_ibfk_1","bug_retest_state","project_id, work_item_id","bug_details","project_id, work_item_id","1","0..1"
"F021","bug_retest_state_ibfk_2","bug_retest_state","project_id, work_item_id, current_coverage_id","bug_coverage_revisions","project_id, work_item_id, id","0..1","0..1"
"F022","bug_verification_attempts_ibfk_1","bug_verification_attempts","project_id, work_item_id, request_id, coverage_item_id, run_item_id","retest_request_items","project_id, work_item_id, request_id, coverage_item_id, run_item_id","1","0..1"
"F023","bug_verification_attempts_ibfk_2","bug_verification_attempts","project_id, work_item_id, evidence_attachment_id","work_item_attachments","project_id, work_item_id, id","0..1","0..N"
"F024","bug_verification_attempts_ibfk_3","bug_verification_attempts","project_id, run_item_id, execution_attempt_id","execution_attempts","project_id, run_item_id, id","0..1","0..N"
"F025","bug_verification_attempts_ibfk_4","bug_verification_attempts","project_id, verified_by","project_memberships","project_id, id","1","0..N"
"F026","fk_build_project","builds","project_id","projects","id","1","0..N"
"F027","fk_cat_project","categories","project_id","projects","id","1","0..N"
"F028","fk_config_build","cycle_configurations","project_id, default_build_id","builds","project_id, id","1","0..N"
"F029","fk_config_cycle","cycle_configurations","project_id, cycle_id","test_cycles","project_id, id","1","0..N"
"F030","fk_config_device","cycle_configurations","project_id, device_id","devices","project_id, id","1","0..N"
"F031","fk_config_env","cycle_configurations","project_id, environment_id","environments","project_id, id","1","0..N"
"F032","fk_cycle_decision_actor","cycle_decisions","project_id, decided_by","project_memberships","project_id, id","1","0..N"
"F033","fk_cycle_decision_cycle","cycle_decisions","project_id, cycle_id","test_cycles","project_id, id","1","0..N"
"F034","fk_device_project","devices","project_id","projects","id","1","0..N"
"F035","fk_env_project","environments","project_id","projects","id","1","0..N"
"F036","fk_attempt_build","execution_attempts","project_id, build_id","builds","project_id, id","1","0..N"
"F037","fk_attempt_executor","execution_attempts","project_id, executor_membership_id","project_memberships","project_id, id","1","0..N"
"F038","fk_attempt_result","execution_attempts","result_code","execution_results","code","1","0..N"
"F039","fk_attempt_run","execution_attempts","project_id, run_item_id","run_items","project_id, id","1","0..N"
"F040","fk_audit_project","identity_audit","project_id","projects","id","0..1","0..N"
"F041","fk_identity_audit_actor","identity_audit","actor_id","identity_users","id","0..1","0..N"
"F042","fk_identity_audit_subject","identity_audit","subject_id","identity_users","id","0..1","0..N"
"F043","fk_identity_role","identity_users","role_code","identity_roles","code","1","0..N"
"F044","fk_ib_project","import_batches","project_id","projects","id","1","0..N"
"F045","fk_ib_user","import_batches","imported_by","identity_users","id","1","0..N"
"F046","fk_ir_batch","import_rows","project_id, batch_id","import_batches","project_id, id","1","0..N"
"F047","fk_ir_case","import_rows","project_id, target_case_id","test_cases","project_id, id","0..1","0..N"
"F048","fk_ms_project","milestones","project_id","projects","id","1","0..N"
"F049","fk_project_audit_actor","project_audit","actor_id","identity_users","id","1","0..N"
"F050","fk_project_audit_project","project_audit","project_id","projects","id","1","0..N"
"F051","fk_counter_project","project_counters","project_id","projects","id","1","0..N"
"F052","fk_membership_project","project_memberships","project_id","projects","id","1","0..N"
"F053","fk_membership_user","project_memberships","user_id","identity_users","id","1","0..N"
"F054","fk_res_current_revision","project_resources","project_id, id, current_revision_id","resource_revisions","project_id, resource_id, id","0..1","0..1"
"F055","fk_res_project","project_resources","project_id","projects","id","1","0..N"
"F056","fk_projects_created_by","projects","created_by","identity_users","id","1","0..N"
"F057","fk_projects_updated_by","projects","updated_by","identity_users","id","1","0..N"
"F058","fk_redmine_binding_actor","redmine_bindings","project_id, created_by","project_memberships","project_id, id","1","0..N"
"F059","fk_redmine_binding_work","redmine_bindings","project_id, work_item_id","work_items","project_id, id","1","0..1"
"F060","fk_redmine_attempt_actor","redmine_delivery_attempts","project_id, actor_membership_id","project_memberships","project_id, id","1","0..N"
"F061","fk_redmine_attempt_job","redmine_delivery_attempts","project_id, outbox_id","redmine_outbox","project_id, id","1","0..N"
"F062","fk_redmine_outbox_actor","redmine_outbox","project_id, created_by","project_memberships","project_id, id","1","0..N"
"F063","fk_redmine_outbox_binding","redmine_outbox","project_id, work_item_id, binding_id","redmine_bindings","project_id, work_item_id, id","1","0..N"
"F064","fk_redmine_outbox_dispatch_actor","redmine_outbox","project_id, dispatch_by","project_memberships","project_id, id","1","0..N"
"F065","fk_rr_edited_by","resource_revisions","project_id, edited_by","project_memberships","project_id, id","1","0..N"
"F066","fk_rr_resource","resource_revisions","project_id, resource_id","project_resources","project_id, id","1","0..N"
"F067","retest_request_items_ibfk_1","retest_request_items","project_id, work_item_id, coverage_revision_id, request_id","retest_requests","project_id, work_item_id, coverage_revision_id, id","1","0..N"
"F068","retest_request_items_ibfk_2","retest_request_items","project_id, work_item_id, coverage_revision_id, coverage_item_id, run_item_id","bug_coverage_items","project_id, work_item_id, coverage_revision_id, id, run_item_id","1","0..N"
"F069","retest_requests_ibfk_1","retest_requests","project_id, work_item_id, coverage_revision_id","bug_coverage_revisions","project_id, work_item_id, id","1","0..N"
"F070","retest_requests_ibfk_2","retest_requests","project_id, build_id","builds","project_id, id","1","0..N"
"F071","retest_requests_ibfk_3","retest_requests","project_id, environment_id","environments","project_id, id","1","0..N"
"F072","retest_requests_ibfk_4","retest_requests","project_id, device_id","devices","project_id, id","1","0..N"
"F073","retest_requests_ibfk_5","retest_requests","project_id, assignee_membership_id","project_memberships","project_id, id","1","0..N"
"F074","retest_requests_ibfk_6","retest_requests","project_id, created_by","project_memberships","project_id, id","1","0..N"
"F075","retest_requests_ibfk_7","retest_requests","project_id, submitted_by","project_memberships","project_id, id","0..1","0..N"
"F076","fk_rv_created_by","rule_versions","project_id, created_by","project_memberships","project_id, id","1","0..N"
"F077","fk_rv_published_by","rule_versions","project_id, published_by","project_memberships","project_id, id","0..1","0..N"
"F078","fk_rv_ruleset","rule_versions","project_id, ruleset_id","rulesets","project_id, id","1","0..N"
"F079","fk_ruleset_active_version","rulesets","project_id, id, active_version_id","rule_versions","project_id, ruleset_id, id","0..1","0..1"
"F080","fk_ruleset_project","rulesets","project_id","projects","id","1","0..N"
"F081","fk_assignment_actor","run_item_assignments","project_id, assigned_by","project_memberships","project_id, id","1","0..N"
"F082","fk_assignment_previous","run_item_assignments","project_id, previous_membership_id","project_memberships","project_id, id","0..1","0..N"
"F083","fk_assignment_run","run_item_assignments","project_id, run_item_id","run_items","project_id, id","1","0..N"
"F084","fk_assignment_target","run_item_assignments","project_id, assignee_membership_id","project_memberships","project_id, id","1","0..N"
"F085","fk_run_assignee","run_items","project_id, assignee_membership_id","project_memberships","project_id, id","1","0..N"
"F086","fk_run_config","run_items","project_id, cycle_id, configuration_id","cycle_configurations","project_id, cycle_id, id","1","0..N"
"F087","fk_run_latest_attempt","run_items","project_id, id, latest_attempt_id","execution_attempts","project_id, run_item_id, id","0..1","0..1"
"F088","fk_run_revision","run_items","project_id, test_case_id, revision_id","test_case_revisions","project_id, test_case_id, id","1","0..N"
"F089","fk_run_scope_decision","run_items","project_id, id, scope_decision_id","run_scope_decisions","project_id, run_item_id, id","0..1","0..1"
"F090","fk_scope_decision_actor","run_scope_decisions","project_id, decided_by","project_memberships","project_id, id","1","0..N"
"F091","fk_scope_decision_run","run_scope_decisions","project_id, run_item_id","run_items","project_id, id","1","0..N"
"F092","fk_tcr_approved_by","test_case_revisions","project_id, approved_by","project_memberships","project_id, id","0..1","0..N"
"F093","fk_tcr_case","test_case_revisions","project_id, test_case_id","test_cases","project_id, id","1","0..N"
"F094","fk_tcr_created_by","test_case_revisions","project_id, created_by","project_memberships","project_id, id","1","0..N"
"F095","fk_tcr_reviewer","test_case_revisions","project_id, reviewer_membership_id","project_memberships","project_id, id","0..1","0..N"
"F096","fk_tcr_translator","test_case_revisions","project_id, translator_membership_id","project_memberships","project_id, id","0..1","0..N"
"F097","fk_tc_current_revision","test_cases","project_id, id, current_revision_id","test_case_revisions","project_id, test_case_id, id","0..1","0..1"
"F098","fk_tc_project","test_cases","project_id","projects","id","1","0..N"
"F099","fk_tc_suite","test_cases","project_id, suite_id","test_suites","project_id, id","1","0..N"
"F100","fk_cycle_activator","test_cycles","project_id, activated_by","project_memberships","project_id, id","0..1","0..N"
"F101","fk_cycle_creator","test_cycles","project_id, created_by","project_memberships","project_id, id","1","0..N"
"F102","fk_cycle_milestone","test_cycles","project_id, milestone_id","milestones","project_id, id","0..1","0..N"
"F103","fk_cycle_project","test_cycles","project_id","projects","id","1","0..N"
"F104","fk_cycle_status","test_cycles","status_code","cycle_statuses","code","1","0..N"
"F105","fk_ts_parent","test_suites","project_id, parent_id","test_suites","project_id, id","0..1","0..N"
"F106","fk_ts_project","test_suites","project_id","projects","id","1","0..N"
"F107","fk_attachment_actor","work_item_attachments","project_id, uploaded_by","project_memberships","project_id, id","1","0..N"
"F108","fk_attachment_work","work_item_attachments","project_id, work_item_id","work_items","project_id, id","1","0..N"
"F109","fk_clarification_actor","work_item_clarifications","project_id, recorded_by","project_memberships","project_id, id","1","0..N"
"F110","fk_clarification_work","work_item_clarifications","project_id, work_item_id","work_items","project_id, id","1","0..N"
"F111","fk_comment_actor","work_item_comments","project_id, author_membership_id","project_memberships","project_id, id","1","0..N"
"F112","fk_comment_work","work_item_comments","project_id, work_item_id","work_items","project_id, id","1","0..N"
"F113","fk_work_link_actor","work_item_execution_links","project_id, linked_by","project_memberships","project_id, id","1","0..N"
"F114","fk_work_link_attempt","work_item_execution_links","project_id, run_item_id, attempt_id","execution_attempts","project_id, run_item_id, id","1","0..N"
"F115","fk_work_link_bug","work_item_execution_links","project_id, work_item_id","bug_details","project_id, work_item_id","1","0..N"
"F116","fk_external_actor","work_item_external_references","project_id, recorded_by","project_memberships","project_id, id","1","0..N"
"F117","fk_external_work","work_item_external_references","project_id, work_item_id","work_items","project_id, id","1","0..N"
"F118","fk_work_history_actor","work_item_history","project_id, actor_membership_id","project_memberships","project_id, id","1","0..N"
"F119","fk_work_history_from","work_item_history","from_status","work_item_statuses","code","0..1","0..N"
"F120","fk_work_history_item","work_item_history","project_id, work_item_id","work_items","project_id, id","1","0..N"
"F121","fk_work_history_to","work_item_history","to_status","work_item_statuses","code","0..1","0..N"
"F122","fk_work_assignee","work_items","project_id, assignee_membership_id","project_memberships","project_id, id","0..1","0..N"
"F123","fk_work_category","work_items","project_id, category_id","categories","project_id, id","0..1","0..N"
"F124","fk_work_creator","work_items","project_id, created_by","project_memberships","project_id, id","1","0..N"
"F125","fk_work_editor","work_items","project_id, updated_by","project_memberships","project_id, id","1","0..N"
"F126","fk_work_milestone","work_items","project_id, milestone_id","milestones","project_id, id","0..1","0..N"
"F127","fk_work_project","work_items","project_id","projects","id","1","0..N"
"F128","fk_work_status","work_items","status_code","work_item_statuses","code","1","0..N"
