"Username","Display name","Role","Project"
"syp.lab.pm01","[Demo22] PM 01","PM","SYP-LAB-22-IOS"
"syp.lab.pm02","[Demo22] PM 02","PM","SYP-LAB-22-TABLET"
"syp.lab.pm03","[Demo22] PM 03","PM","SYP-LAB-22-PHONE"
"syp.lab.dev01","[Demo22] Dev 01","DEV","SYP-LAB-22-IOS"
"syp.lab.dev02","[Demo22] Dev 02","DEV","SYP-LAB-22-IOS"
"syp.lab.dev03","[Demo22] Dev 03","DEV","SYP-LAB-22-IOS"
"syp.lab.dev04","[Demo22] Dev 04","DEV","SYP-LAB-22-IOS"
"syp.lab.dev05","[Demo22] Dev 05","DEV","SYP-LAB-22-IOS"
"syp.lab.dev06","[Demo22] Dev 06","DEV","SYP-LAB-22-IOS"
"syp.lab.dev07","[Demo22] Dev 07","DEV","SYP-LAB-22-IOS"
"syp.lab.dev08","[Demo22] Dev 08","DEV","SYP-LAB-22-TABLET"
"syp.lab.dev09","[Demo22] Dev 09","DEV","SYP-LAB-22-TABLET"
"syp.lab.dev10","[Demo22] Dev 10","DEV","SYP-LAB-22-TABLET"
"syp.lab.dev11","[Demo22] Dev 11","DEV","SYP-LAB-22-TABLET"
"syp.lab.dev12","[Demo22] Dev 12","DEV","SYP-LAB-22-TABLET"
"syp.lab.dev13","[Demo22] Dev 13","DEV","SYP-LAB-22-TABLET"
"syp.lab.dev14","[Demo22] Dev 14","DEV","SYP-LAB-22-TABLET"
"syp.lab.dev15","[Demo22] Dev 15","DEV","SYP-LAB-22-PHONE"
"syp.lab.dev16","[Demo22] Dev 16","DEV","SYP-LAB-22-PHONE"
"syp.lab.dev17","[Demo22] Dev 17","DEV","SYP-LAB-22-PHONE"
"syp.lab.dev18","[Demo22] Dev 18","DEV","SYP-LAB-22-PHONE"
"syp.lab.dev19","[Demo22] Dev 19","DEV","SYP-LAB-22-PHONE"
"syp.lab.dev20","[Demo22] Dev 20","DEV","SYP-LAB-22-PHONE"
"syp.lab.tester01","[Demo22] Tester 01","TESTER","SYP-LAB-22-IOS"
"syp.lab.tester02","[Demo22] Tester 02","TESTER","SYP-LAB-22-IOS"
"syp.lab.tester03","[Demo22] Tester 03","TESTER","SYP-LAB-22-IOS"
"syp.lab.tester04","[Demo22] Tester 04","TESTER","SYP-LAB-22-IOS"
"syp.lab.tester05","[Demo22] Tester 05","TESTER","SYP-LAB-22-IOS"
"syp.lab.tester06","[Demo22] Tester 06","TESTER","SYP-LAB-22-IOS"
"syp.lab.tester07","[Demo22] Tester 07","TESTER","SYP-LAB-22-IOS"
"syp.lab.tester08","[Demo22] Tester 08","TESTER","SYP-LAB-22-IOS"
"syp.lab.tester09","[Demo22] Tester 09","TESTER","SYP-LAB-22-IOS"
"syp.lab.tester10","[Demo22] Tester 10","TESTER","SYP-LAB-22-IOS"
"syp.lab.tester11","[Demo22] Tester 11","TESTER","SYP-LAB-22-IOS"
"syp.lab.tester12","[Demo22] Tester 12","TESTER","SYP-LAB-22-IOS"
"syp.lab.tester13","[Demo22] Tester 13","TESTER","SYP-LAB-22-IOS"
"syp.lab.tester14","[Demo22] Tester 14","TESTER","SYP-LAB-22-IOS"
"syp.lab.tester15","[Demo22] Tester 15","TESTER","SYP-LAB-22-IOS"
"syp.lab.tester16","[Demo22] Tester 16","TESTER","SYP-LAB-22-IOS"
"syp.lab.tester17","[Demo22] Tester 17","TESTER","SYP-LAB-22-IOS"
"syp.lab.tester18","[Demo22] Tester 18","TESTER","SYP-LAB-22-IOS"
"syp.lab.tester19","[Demo22] Tester 19","TESTER","SYP-LAB-22-IOS"
"syp.lab.tester20","[Demo22] Tester 20","TESTER","SYP-LAB-22-IOS"
"syp.lab.tester21","[Demo22] Tester 21","TESTER","SYP-LAB-22-IOS"
"syp.lab.tester22","[Demo22] Tester 22","TESTER","SYP-LAB-22-IOS"
"syp.lab.tester23","[Demo22] Tester 23","TESTER","SYP-LAB-22-IOS"
"syp.lab.tester24","[Demo22] Tester 24","TESTER","SYP-LAB-22-IOS"
"syp.lab.tester25","[Demo22] Tester 25","TESTER","SYP-LAB-22-IOS"
"syp.lab.tester26","[Demo22] Tester 26","TESTER","SYP-LAB-22-IOS"
"syp.lab.tester27","[Demo22] Tester 27","TESTER","SYP-LAB-22-TABLET"
"syp.lab.tester28","[Demo22] Tester 28","TESTER","SYP-LAB-22-TABLET"
"syp.lab.tester29","[Demo22] Tester 29","TESTER","SYP-LAB-22-TABLET"
"syp.lab.tester30","[Demo22] Tester 30","TESTER","SYP-LAB-22-TABLET"
"syp.lab.tester31","[Demo22] Tester 31","TESTER","SYP-LAB-22-TABLET"
"syp.lab.tester32","[Demo22] Tester 32","TESTER","SYP-LAB-22-TABLET"
"syp.lab.tester33","[Demo22] Tester 33","TESTER","SYP-LAB-22-TABLET"
"syp.lab.tester34","[Demo22] Tester 34","TESTER","SYP-LAB-22-TABLET"
"syp.lab.tester35","[Demo22] Tester 35","TESTER","SYP-LAB-22-TABLET"
"syp.lab.tester36","[Demo22] Tester 36","TESTER","SYP-LAB-22-TABLET"
"syp.lab.tester37","[Demo22] Tester 37","TESTER","SYP-LAB-22-TABLET"
"syp.lab.tester38","[Demo22] Tester 38","TESTER","SYP-LAB-22-TABLET"
"syp.lab.tester39","[Demo22] Tester 39","TESTER","SYP-LAB-22-TABLET"
"syp.lab.tester40","[Demo22] Tester 40","TESTER","SYP-LAB-22-TABLET"
"syp.lab.tester41","[Demo22] Tester 41","TESTER","SYP-LAB-22-TABLET"
"syp.lab.tester42","[Demo22] Tester 42","TESTER","SYP-LAB-22-TABLET"
"syp.lab.tester43","[Demo22] Tester 43","TESTER","SYP-LAB-22-TABLET"
"syp.lab.tester44","[Demo22] Tester 44","TESTER","SYP-LAB-22-TABLET"
"syp.lab.tester45","[Demo22] Tester 45","TESTER","SYP-LAB-22-TABLET"
"syp.lab.tester46","[Demo22] Tester 46","TESTER","SYP-LAB-22-TABLET"
"syp.lab.tester47","[Demo22] Tester 47","TESTER","SYP-LAB-22-TABLET"
"syp.lab.tester48","[Demo22] Tester 48","TESTER","SYP-LAB-22-TABLET"
"syp.lab.tester49","[Demo22] Tester 49","TESTER","SYP-LAB-22-TABLET"
"syp.lab.tester50","[Demo22] Tester 50","TESTER","SYP-LAB-22-TABLET"
"syp.lab.tester51","[Demo22] Tester 51","TESTER","SYP-LAB-22-TABLET"
"syp.lab.tester52","[Demo22] Tester 52","TESTER","SYP-LAB-22-TABLET"
"syp.lab.tester53","[Demo22] Tester 53","TESTER","SYP-LAB-22-PHONE"
"syp.lab.tester54","[Demo22] Tester 54","TESTER","SYP-LAB-22-PHONE"
"syp.lab.tester55","[Demo22] Tester 55","TESTER","SYP-LAB-22-PHONE"
"syp.lab.tester56","[Demo22] Tester 56","TESTER","SYP-LAB-22-PHONE"
"syp.lab.tester57","[Demo22] Tester 57","TESTER","SYP-LAB-22-PHONE"
"syp.lab.tester58","[Demo22] Tester 58","TESTER","SYP-LAB-22-PHONE"
"syp.lab.tester59","[Demo22] Tester 59","TESTER","SYP-LAB-22-PHONE"
"syp.lab.tester60","[Demo22] Tester 60","TESTER","SYP-LAB-22-PHONE"
"syp.lab.tester61","[Demo22] Tester 61","TESTER","SYP-LAB-22-PHONE"
"syp.lab.tester62","[Demo22] Tester 62","TESTER","SYP-LAB-22-PHONE"
"syp.lab.tester63","[Demo22] Tester 63","TESTER","SYP-LAB-22-PHONE"
"syp.lab.tester64","[Demo22] Tester 64","TESTER","SYP-LAB-22-PHONE"
"syp.lab.tester65","[Demo22] Tester 65","TESTER","SYP-LAB-22-PHONE"
"syp.lab.tester66","[Demo22] Tester 66","TESTER","SYP-LAB-22-PHONE"
"syp.lab.tester67","[Demo22] Tester 67","TESTER","SYP-LAB-22-PHONE"
"syp.lab.tester68","[Demo22] Tester 68","TESTER","SYP-LAB-22-PHONE"
"syp.lab.tester69","[Demo22] Tester 69","TESTER","SYP-LAB-22-PHONE"
"syp.lab.tester70","[Demo22] Tester 70","TESTER","SYP-LAB-22-PHONE"
"syp.lab.tester71","[Demo22] Tester 71","TESTER","SYP-LAB-22-PHONE"
"syp.lab.tester72","[Demo22] Tester 72","TESTER","SYP-LAB-22-PHONE"
"syp.lab.tester73","[Demo22] Tester 73","TESTER","SYP-LAB-22-PHONE"
"syp.lab.tester74","[Demo22] Tester 74","TESTER","SYP-LAB-22-PHONE"
"syp.lab.tester75","[Demo22] Tester 75","TESTER","SYP-LAB-22-PHONE"
"syp.lab.tester76","[Demo22] Tester 76","TESTER","SYP-LAB-22-PHONE"
"syp.lab.tester77","[Demo22] Tester 77","TESTER","SYP-LAB-22-PHONE"
