"Asset code","Group","Type","Model","Serial (DEMO)","OS","OS version","Condition","Storage","Recipient","Project","Notes"
"SYP-LAB-22-IPAD-01","IPAD","IPAD","Apple iPad (8th generation)","DEMO22-IPAD-01","iPadOS","16.6","AVAILABLE","128 GB","syp.lab.tester01","SYP-LAB-22-IOS","DEMO — thông tin tài sản giả lập, không phải kiểm kê máy thật. Nhóm: IPAD. Bộ nhớ: 128 GB. Màu: Bạc. Kết nối: Wi-Fi. Phụ kiện: cáp sạc, ốp bảo vệ. Vị trí: Đã bàn giao cho Tester demo. Máy DEMO sẵn sàng kiểm thử. Phiên bản OS là ảnh chụp cấu hình test giả lập, không phải khuyến nghị cập nhật."
"SYP-LAB-22-IPAD-02","IPAD","IPAD","Apple iPad (8th generation)","DEMO22-IPAD-02","iPadOS","17.5.1","AVAILABLE","128 GB","syp.lab.tester02","SYP-LAB-22-IOS","DEMO — thông tin tài sản giả lập, không phải kiểm kê máy thật. Nhóm: IPAD. Bộ nhớ: 128 GB. Màu: Bạc. Kết nối: Wi-Fi. Phụ kiện: cáp sạc, ốp bảo vệ. Vị trí: Đã bàn giao cho Tester demo. Máy DEMO sẵn sàng kiểm thử. Phiên bản OS là ảnh chụp cấu hình test giả lập, không phải khuyến nghị cập nhật."
"SYP-LAB-22-IPAD-03","IPAD","IPAD","Apple iPad (8th generation)","DEMO22-IPAD-03","iPadOS","18.0","AVAILABLE","128 GB","syp.lab.tester03","SYP-LAB-22-IOS","DEMO — thông tin tài sản giả lập, không phải kiểm kê máy thật. Nhóm: IPAD. Bộ nhớ: 128 GB. Màu: Bạc. Kết nối: Wi-Fi. Phụ kiện: cáp sạc, ốp bảo vệ. Vị trí: Đã bàn giao cho Tester demo. Máy DEMO sẵn sàng kiểm thử. Phiên bản OS là ảnh chụp cấu hình test giả lập, không phải khuyến nghị cập nhật."
"SYP-LAB-22-IPAD-04","IPAD","IPAD","Apple iPad (8th generation)","DEMO22-IPAD-04","iPadOS","16.6","AVAILABLE","128 GB","syp.lab.tester04","SYP-LAB-22-IOS","DEMO — thông tin tài sản giả lập, không phải kiểm kê máy thật. Nhóm: IPAD. Bộ nhớ: 128 GB. Màu: Bạc. Kết nối: Wi-Fi. Phụ kiện: cáp sạc, ốp bảo vệ. Vị trí: Đã bàn giao cho Tester demo. Máy DEMO sẵn sàng kiểm thử. Phiên bản OS là ảnh chụp cấu hình test giả lập, không phải khuyến nghị cập nhật."
"SYP-LAB-22-IPAD-05","IPAD","IPAD","Apple iPad (8th generation)","DEMO22-IPAD-05","iPadOS","17.5.1","AVAILABLE","128 GB","syp.lab.tester05","SYP-LAB-22-IOS","DEMO — thông tin tài sản giả lập, không phải kiểm kê máy thật. Nhóm: IPAD. Bộ nhớ: 128 GB. Màu: Bạc. Kết nối: Wi-Fi. Phụ kiện: cáp sạc, ốp bảo vệ. Vị trí: Đã bàn giao cho Tester demo. Máy DEMO sẵn sàng kiểm thử. Phiên bản OS là ảnh chụp cấu hình test giả lập, không phải khuyến nghị cập nhật."
"SYP-LAB-22-IPAD-06","IPAD","IPAD","Apple iPad (8th generation)","DEMO22-IPAD-06","iPadOS","18.0","AVAILABLE","128 GB","syp.lab.tester06","SYP-LAB-22-IOS","DEMO — thông tin tài sản giả lập, không phải kiểm kê máy thật. Nhóm: IPAD. Bộ nhớ: 128 GB. Màu: Bạc. Kết nối: Wi-Fi. Phụ kiện: cáp sạc, ốp bảo vệ. Vị trí: Đã bàn giao cho Tester demo. Máy DEMO sẵn sàng kiểm thử. Phiên bản OS là ảnh chụp cấu hình test giả lập, không phải khuyến nghị cập nhật."
"SYP-LAB-22-IPAD-07","IPAD","IPAD","Apple iPad (8th generation)","DEMO22-IPAD-07","iPadOS","16.6","AVAILABLE","128 GB","","","DEMO — thông tin tài sản giả lập, không phải kiểm kê máy thật. Nhóm: IPAD. Bộ nhớ: 128 GB. Màu: Bạc. Kết nối: Wi-Fi. Phụ kiện: cáp sạc, ốp bảo vệ. Vị trí: Kho QA, kệ IPAD-1. Máy DEMO sẵn sàng kiểm thử. Phiên bản OS là ảnh chụp cấu hình test giả lập, không phải khuyến nghị cập nhật."
"SYP-LAB-22-IPAD-08","IPAD","IPAD","Apple iPad (8th generation)","DEMO22-IPAD-08","iPadOS","17.5.1","AVAILABLE","128 GB","","","DEMO — thông tin tài sản giả lập, không phải kiểm kê máy thật. Nhóm: IPAD. Bộ nhớ: 128 GB. Màu: Bạc. Kết nối: Wi-Fi. Phụ kiện: cáp sạc, ốp bảo vệ. Vị trí: Kho QA, kệ IPAD-1. Máy DEMO sẵn sàng kiểm thử. Phiên bản OS là ảnh chụp cấu hình test giả lập, không phải khuyến nghị cập nhật."
"SYP-LAB-22-IPAD-09","IPAD","IPAD","Apple iPad (8th generation)","DEMO22-IPAD-09","iPadOS","18.0","AVAILABLE","128 GB","","","DEMO — thông tin tài sản giả lập, không phải kiểm kê máy thật. Nhóm: IPAD. Bộ nhớ: 128 GB. Màu: Bạc. Kết nối: Wi-Fi. Phụ kiện: cáp sạc, ốp bảo vệ. Vị trí: Kho QA, kệ IPAD-1. Máy DEMO sẵn sàng kiểm thử. Phiên bản OS là ảnh chụp cấu hình test giả lập, không phải khuyến nghị cập nhật."
"SYP-LAB-22-IPAD-10","IPAD","IPAD","Apple iPad (8th generation)","DEMO22-IPAD-10","iPadOS","16.6","AVAILABLE","128 GB","","","DEMO — thông tin tài sản giả lập, không phải kiểm kê máy thật. Nhóm: IPAD. Bộ nhớ: 128 GB. Màu: Bạc. Kết nối: Wi-Fi. Phụ kiện: cáp sạc, ốp bảo vệ. Vị trí: Kho QA, kệ IPAD-1. Máy DEMO sẵn sàng kiểm thử. Phiên bản OS là ảnh chụp cấu hình test giả lập, không phải khuyến nghị cập nhật."
"SYP-LAB-22-IPAD-11","IPAD","IPAD","Apple iPad (9th generation)","DEMO22-IPAD-11","iPadOS","17.5.1","AVAILABLE","256 GB","","","DEMO — thông tin tài sản giả lập, không phải kiểm kê máy thật. Nhóm: IPAD. Bộ nhớ: 256 GB. Màu: Bạc. Kết nối: Wi-Fi. Phụ kiện: cáp sạc, ốp bảo vệ. Vị trí: Kho QA, kệ IPAD-2. Máy DEMO sẵn sàng kiểm thử. Phiên bản OS là ảnh chụp cấu hình test giả lập, không phải khuyến nghị cập nhật."
"SYP-LAB-22-IPAD-12","IPAD","IPAD","Apple iPad (9th generation)","DEMO22-IPAD-12","iPadOS","18.0","AVAILABLE","256 GB","","","DEMO — thông tin tài sản giả lập, không phải kiểm kê máy thật. Nhóm: IPAD. Bộ nhớ: 256 GB. Màu: Bạc. Kết nối: Wi-Fi. Phụ kiện: cáp sạc, ốp bảo vệ. Vị trí: Kho QA, kệ IPAD-2. Máy DEMO sẵn sàng kiểm thử. Phiên bản OS là ảnh chụp cấu hình test giả lập, không phải khuyến nghị cập nhật."
"SYP-LAB-22-IPAD-13","IPAD","IPAD","Apple iPad (9th generation)","DEMO22-IPAD-13","iPadOS","16.6","AVAILABLE","256 GB","","","DEMO — thông tin tài sản giả lập, không phải kiểm kê máy thật. Nhóm: IPAD. Bộ nhớ: 256 GB. Màu: Bạc. Kết nối: Wi-Fi. Phụ kiện: cáp sạc, ốp bảo vệ. Vị trí: Kho QA, kệ IPAD-2. Máy DEMO sẵn sàng kiểm thử. Phiên bản OS là ảnh chụp cấu hình test giả lập, không phải khuyến nghị cập nhật."
"SYP-LAB-22-IPAD-14","IPAD","IPAD","Apple iPad (9th generation)","DEMO22-IPAD-14","iPadOS","17.5.1","AVAILABLE","256 GB","","","DEMO — thông tin tài sản giả lập, không phải kiểm kê máy thật. Nhóm: IPAD. Bộ nhớ: 256 GB. Màu: Bạc. Kết nối: Wi-Fi. Phụ kiện: cáp sạc, ốp bảo vệ. Vị trí: Kho QA, kệ IPAD-2. Máy DEMO sẵn sàng kiểm thử. Phiên bản OS là ảnh chụp cấu hình test giả lập, không phải khuyến nghị cập nhật."
"SYP-LAB-22-IPAD-15","IPAD","IPAD","Apple iPad (9th generation)","DEMO22-IPAD-15","iPadOS","18.0","AVAILABLE","256 GB","","","DEMO — thông tin tài sản giả lập, không phải kiểm kê máy thật. Nhóm: IPAD. Bộ nhớ: 256 GB. Màu: Bạc. Kết nối: Wi-Fi. Phụ kiện: cáp sạc, ốp bảo vệ. Vị trí: Kho QA, kệ IPAD-2. Máy DEMO sẵn sàng kiểm thử. Phiên bản OS là ảnh chụp cấu hình test giả lập, không phải khuyến nghị cập nhật."
"SYP-LAB-22-IPAD-16","IPAD","IPAD","Apple iPad (9th generation)","DEMO22-IPAD-16","iPadOS","16.6","AVAILABLE","256 GB","","","DEMO — thông tin tài sản giả lập, không phải kiểm kê máy thật. Nhóm: IPAD. Bộ nhớ: 256 GB. Màu: Bạc. Kết nối: Wi-Fi. Phụ kiện: cáp sạc, ốp bảo vệ. Vị trí: Kho QA, kệ IPAD-2. Máy DEMO sẵn sàng kiểm thử. Phiên bản OS là ảnh chụp cấu hình test giả lập, không phải khuyến nghị cập nhật."
"SYP-LAB-22-IPAD-17","IPAD","IPAD","Apple iPad (9th generation)","DEMO22-IPAD-17","iPadOS","17.5.1","AVAILABLE","256 GB","","","DEMO — thông tin tài sản giả lập, không phải kiểm kê máy thật. Nhóm: IPAD. Bộ nhớ: 256 GB. Màu: Bạc. Kết nối: Wi-Fi. Phụ kiện: cáp sạc, ốp bảo vệ. Vị trí: Kho QA, kệ IPAD-2. Máy DEMO sẵn sàng kiểm thử. Phiên bản OS là ảnh chụp cấu hình test giả lập, không phải khuyến nghị cập nhật."
"SYP-LAB-22-IPAD-18","IPAD","IPAD","Apple iPad (9th generation)","DEMO22-IPAD-18","iPadOS","18.0","AVAILABLE","256 GB","","","DEMO — thông tin tài sản giả lập, không phải kiểm kê máy thật. Nhóm: IPAD. Bộ nhớ: 256 GB. Màu: Bạc. Kết nối: Wi-Fi. Phụ kiện: cáp sạc, ốp bảo vệ. Vị trí: Kho QA, kệ IPAD-2. Máy DEMO sẵn sàng kiểm thử. Phiên bản OS là ảnh chụp cấu hình test giả lập, không phải khuyến nghị cập nhật."
"SYP-LAB-22-IPAD-19","IPAD","IPAD","Apple iPad (9th generation)","DEMO22-IPAD-19","iPadOS","16.6","AVAILABLE","256 GB","","","DEMO — thông tin tài sản giả lập, không phải kiểm kê máy thật. Nhóm: IPAD. Bộ nhớ: 256 GB. Màu: Bạc. Kết nối: Wi-Fi. Phụ kiện: cáp sạc, ốp bảo vệ. Vị trí: Kho QA, kệ IPAD-2. Máy DEMO sẵn sàng kiểm thử. Phiên bản OS là ảnh chụp cấu hình test giả lập, không phải khuyến nghị cập nhật."
"SYP-LAB-22-IPAD-20","IPAD","IPAD","Apple iPad (9th generation)","DEMO22-IPAD-20","iPadOS","17.5.1","AVAILABLE","256 GB","","","DEMO — thông tin tài sản giả lập, không phải kiểm kê máy thật. Nhóm: IPAD. Bộ nhớ: 256 GB. Màu: Bạc. Kết nối: Wi-Fi. Phụ kiện: cáp sạc, ốp bảo vệ. Vị trí: Kho QA, kệ IPAD-2. Máy DEMO sẵn sàng kiểm thử. Phiên bản OS là ảnh chụp cấu hình test giả lập, không phải khuyến nghị cập nhật."
"SYP-LAB-22-IPAD-21","IPAD","IPAD","Apple iPad Air (4th generation)","DEMO22-IPAD-21","iPadOS","18.0","AVAILABLE","64 GB","","","DEMO — thông tin tài sản giả lập, không phải kiểm kê máy thật. Nhóm: IPAD. Bộ nhớ: 64 GB. Màu: Bạc. Kết nối: Wi-Fi. Phụ kiện: cáp sạc, ốp bảo vệ. Vị trí: Kho QA, kệ IPAD-3. Máy DEMO sẵn sàng kiểm thử. Phiên bản OS là ảnh chụp cấu hình test giả lập, không phải khuyến nghị cập nhật."
"SYP-LAB-22-IPAD-22","IPAD","IPAD","Apple iPad Air (4th generation)","DEMO22-IPAD-22","iPadOS","16.6","AVAILABLE","64 GB","","","DEMO — thông tin tài sản giả lập, không phải kiểm kê máy thật. Nhóm: IPAD. Bộ nhớ: 64 GB. Màu: Bạc. Kết nối: Wi-Fi. Phụ kiện: cáp sạc, ốp bảo vệ. Vị trí: Kho QA, kệ IPAD-3. Máy DEMO sẵn sàng kiểm thử. Phiên bản OS là ảnh chụp cấu hình test giả lập, không phải khuyến nghị cập nhật."
"SYP-LAB-22-IPAD-23","IPAD","IPAD","Apple iPad Air (4th generation)","DEMO22-IPAD-23","iPadOS","17.5.1","AVAILABLE","64 GB","","","DEMO — thông tin tài sản giả lập, không phải kiểm kê máy thật. Nhóm: IPAD. Bộ nhớ: 64 GB. Màu: Bạc. Kết nối: Wi-Fi. Phụ kiện: cáp sạc, ốp bảo vệ. Vị trí: Kho QA, kệ IPAD-3. Máy DEMO sẵn sàng kiểm thử. Phiên bản OS là ảnh chụp cấu hình test giả lập, không phải khuyến nghị cập nhật."
"SYP-LAB-22-IPAD-24","IPAD","IPAD","Apple iPad Air (4th generation)","DEMO22-IPAD-24","iPadOS","18.0","AVAILABLE","64 GB","","","DEMO — thông tin tài sản giả lập, không phải kiểm kê máy thật. Nhóm: IPAD. Bộ nhớ: 64 GB. Màu: Bạc. Kết nối: Wi-Fi. Phụ kiện: cáp sạc, ốp bảo vệ. Vị trí: Kho QA, kệ IPAD-3. Máy DEMO sẵn sàng kiểm thử. Phiên bản OS là ảnh chụp cấu hình test giả lập, không phải khuyến nghị cập nhật."
"SYP-LAB-22-IPAD-25","IPAD","IPAD","Apple iPad Air (4th generation)","DEMO22-IPAD-25","iPadOS","16.6","AVAILABLE","64 GB","","","DEMO — thông tin tài sản giả lập, không phải kiểm kê máy thật. Nhóm: IPAD. Bộ nhớ: 64 GB. Màu: Bạc. Kết nối: Wi-Fi. Phụ kiện: cáp sạc, ốp bảo vệ. Vị trí: Kho QA, kệ IPAD-3. Máy DEMO sẵn sàng kiểm thử. Phiên bản OS là ảnh chụp cấu hình test giả lập, không phải khuyến nghị cập nhật."
"SYP-LAB-22-IPAD-26","IPAD","IPAD","Apple iPad Air (4th generation)","DEMO22-IPAD-26","iPadOS","17.5.1","AVAILABLE","64 GB","","","DEMO — thông tin tài sản giả lập, không phải kiểm kê máy thật. Nhóm: IPAD. Bộ nhớ: 64 GB. Màu: Bạc. Kết nối: Wi-Fi. Phụ kiện: cáp sạc, ốp bảo vệ. Vị trí: Kho QA, kệ IPAD-3. Máy DEMO sẵn sàng kiểm thử. Phiên bản OS là ảnh chụp cấu hình test giả lập, không phải khuyến nghị cập nhật."
"SYP-LAB-22-IPAD-27","IPAD","IPAD","Apple iPad Air (4th generation)","DEMO22-IPAD-27","iPadOS","18.0","MAINTENANCE","64 GB","","","DEMO — thông tin tài sản giả lập, không phải kiểm kê máy thật. Nhóm: IPAD. Bộ nhớ: 64 GB. Màu: Bạc. Kết nối: Wi-Fi. Phụ kiện: cáp sạc, ốp bảo vệ. Vị trí: Khu bảo trì. Đang bảo trì DEMO: kiểm tra pin và cổng sạc. Phiên bản OS là ảnh chụp cấu hình test giả lập, không phải khuyến nghị cập nhật."
"SYP-LAB-22-IPAD-28","IPAD","IPAD","Apple iPad Air (4th generation)","DEMO22-IPAD-28","iPadOS","16.6","MAINTENANCE","64 GB","","","DEMO — thông tin tài sản giả lập, không phải kiểm kê máy thật. Nhóm: IPAD. Bộ nhớ: 64 GB. Màu: Bạc. Kết nối: Wi-Fi. Phụ kiện: cáp sạc, ốp bảo vệ. Vị trí: Khu bảo trì. Đang bảo trì DEMO: kiểm tra pin và cổng sạc. Phiên bản OS là ảnh chụp cấu hình test giả lập, không phải khuyến nghị cập nhật."
"SYP-LAB-22-IPAD-29","IPAD","IPAD","Apple iPad Air (4th generation)","DEMO22-IPAD-29","iPadOS","17.5.1","MAINTENANCE","64 GB","","","DEMO — thông tin tài sản giả lập, không phải kiểm kê máy thật. Nhóm: IPAD. Bộ nhớ: 64 GB. Màu: Bạc. Kết nối: Wi-Fi. Phụ kiện: cáp sạc, ốp bảo vệ. Vị trí: Khu bảo trì. Đang bảo trì DEMO: kiểm tra pin và cổng sạc. Phiên bản OS là ảnh chụp cấu hình test giả lập, không phải khuyến nghị cập nhật."
"SYP-LAB-22-IPAD-30","IPAD","IPAD","Apple iPad Air (4th generation)","DEMO22-IPAD-30","iPadOS","18.0","RETIRED","64 GB","","","DEMO — thông tin tài sản giả lập, không phải kiểm kê máy thật. Nhóm: IPAD. Bộ nhớ: 64 GB. Màu: Bạc. Kết nối: Wi-Fi. Phụ kiện: cáp sạc, ốp bảo vệ. Vị trí: Kho lưu trữ. Ngừng dùng DEMO: máy dành kiểm thử trạng thái lưu trữ. Phiên bản OS là ảnh chụp cấu hình test giả lập, không phải khuyến nghị cập nhật."
"SYP-LAB-22-IPHONE-01","IPHONE","IPHONE","Apple iPhone 11","DEMO22-IPHONE-01","iOS","16.6","AVAILABLE","128 GB","syp.lab.tester07","SYP-LAB-22-IOS","DEMO — thông tin tài sản giả lập, không phải kiểm kê máy thật. Nhóm: IPHONE. Bộ nhớ: 128 GB. Màu: Đen. Kết nối: Wi-Fi / cellular; SIM demo chưa kích hoạt. Phụ kiện: cáp sạc, ốp bảo vệ. Vị trí: Đã bàn giao cho Tester demo. Máy DEMO sẵn sàng kiểm thử. Phiên bản OS là ảnh chụp cấu hình test giả lập, không phải khuyến nghị cập nhật."
"SYP-LAB-22-IPHONE-02","IPHONE","IPHONE","Apple iPhone 11","DEMO22-IPHONE-02","iOS","17.5.1","AVAILABLE","128 GB","syp.lab.tester08","SYP-LAB-22-IOS","DEMO — thông tin tài sản giả lập, không phải kiểm kê máy thật. Nhóm: IPHONE. Bộ nhớ: 128 GB. Màu: Đen. Kết nối: Wi-Fi / cellular; SIM demo chưa kích hoạt. Phụ kiện: cáp sạc, ốp bảo vệ. Vị trí: Đã bàn giao cho Tester demo. Máy DEMO sẵn sàng kiểm thử. Phiên bản OS là ảnh chụp cấu hình test giả lập, không phải khuyến nghị cập nhật."
"SYP-LAB-22-IPHONE-03","IPHONE","IPHONE","Apple iPhone 11","DEMO22-IPHONE-03","iOS","18.0","AVAILABLE","128 GB","syp.lab.tester09","SYP-LAB-22-IOS","DEMO — thông tin tài sản giả lập, không phải kiểm kê máy thật. Nhóm: IPHONE. Bộ nhớ: 128 GB. Màu: Đen. Kết nối: Wi-Fi / cellular; SIM demo chưa kích hoạt. Phụ kiện: cáp sạc, ốp bảo vệ. Vị trí: Đã bàn giao cho Tester demo. Máy DEMO sẵn sàng kiểm thử. Phiên bản OS là ảnh chụp cấu hình test giả lập, không phải khuyến nghị cập nhật."
"SYP-LAB-22-IPHONE-04","IPHONE","IPHONE","Apple iPhone 11","DEMO22-IPHONE-04","iOS","16.6","AVAILABLE","128 GB","syp.lab.tester10","SYP-LAB-22-IOS","DEMO — thông tin tài sản giả lập, không phải kiểm kê máy thật. Nhóm: IPHONE. Bộ nhớ: 128 GB. Màu: Đen. Kết nối: Wi-Fi / cellular; SIM demo chưa kích hoạt. Phụ kiện: cáp sạc, ốp bảo vệ. Vị trí: Đã bàn giao cho Tester demo. Máy DEMO sẵn sàng kiểm thử. Phiên bản OS là ảnh chụp cấu hình test giả lập, không phải khuyến nghị cập nhật."
"SYP-LAB-22-IPHONE-05","IPHONE","IPHONE","Apple iPhone 11","DEMO22-IPHONE-05","iOS","17.5.1","AVAILABLE","128 GB","syp.lab.tester11","SYP-LAB-22-IOS","DEMO — thông tin tài sản giả lập, không phải kiểm kê máy thật. Nhóm: IPHONE. Bộ nhớ: 128 GB. Màu: Đen. Kết nối: Wi-Fi / cellular; SIM demo chưa kích hoạt. Phụ kiện: cáp sạc, ốp bảo vệ. Vị trí: Đã bàn giao cho Tester demo. Máy DEMO sẵn sàng kiểm thử. Phiên bản OS là ảnh chụp cấu hình test giả lập, không phải khuyến nghị cập nhật."
"SYP-LAB-22-IPHONE-06","IPHONE","IPHONE","Apple iPhone 11","DEMO22-IPHONE-06","iOS","18.0","AVAILABLE","128 GB","syp.lab.tester12","SYP-LAB-22-IOS","DEMO — thông tin tài sản giả lập, không phải kiểm kê máy thật. Nhóm: IPHONE. Bộ nhớ: 128 GB. Màu: Đen. Kết nối: Wi-Fi / cellular; SIM demo chưa kích hoạt. Phụ kiện: cáp sạc, ốp bảo vệ. Vị trí: Đã bàn giao cho Tester demo. Máy DEMO sẵn sàng kiểm thử. Phiên bản OS là ảnh chụp cấu hình test giả lập, không phải khuyến nghị cập nhật."
"SYP-LAB-22-IPHONE-07","IPHONE","IPHONE","Apple iPhone 11","DEMO22-IPHONE-07","iOS","16.6","AVAILABLE","128 GB","","","DEMO — thông tin tài sản giả lập, không phải kiểm kê máy thật. Nhóm: IPHONE. Bộ nhớ: 128 GB. Màu: Đen. Kết nối: Wi-Fi / cellular; SIM demo chưa kích hoạt. Phụ kiện: cáp sạc, ốp bảo vệ. Vị trí: Kho QA, kệ IPHONE-1. Máy DEMO sẵn sàng kiểm thử. Phiên bản OS là ảnh chụp cấu hình test giả lập, không phải khuyến nghị cập nhật."
"SYP-LAB-22-IPHONE-08","IPHONE","IPHONE","Apple iPhone 11","DEMO22-IPHONE-08","iOS","17.5.1","AVAILABLE","128 GB","","","DEMO — thông tin tài sản giả lập, không phải kiểm kê máy thật. Nhóm: IPHONE. Bộ nhớ: 128 GB. Màu: Đen. Kết nối: Wi-Fi / cellular; SIM demo chưa kích hoạt. Phụ kiện: cáp sạc, ốp bảo vệ. Vị trí: Kho QA, kệ IPHONE-1. Máy DEMO sẵn sàng kiểm thử. Phiên bản OS là ảnh chụp cấu hình test giả lập, không phải khuyến nghị cập nhật."
"SYP-LAB-22-IPHONE-09","IPHONE","IPHONE","Apple iPhone 11","DEMO22-IPHONE-09","iOS","18.0","AVAILABLE","128 GB","","","DEMO — thông tin tài sản giả lập, không phải kiểm kê máy thật. Nhóm: IPHONE. Bộ nhớ: 128 GB. Màu: Đen. Kết nối: Wi-Fi / cellular; SIM demo chưa kích hoạt. Phụ kiện: cáp sạc, ốp bảo vệ. Vị trí: Kho QA, kệ IPHONE-1. Máy DEMO sẵn sàng kiểm thử. Phiên bản OS là ảnh chụp cấu hình test giả lập, không phải khuyến nghị cập nhật."
"SYP-LAB-22-IPHONE-10","IPHONE","IPHONE","Apple iPhone 11","DEMO22-IPHONE-10","iOS","16.6","AVAILABLE","128 GB","","","DEMO — thông tin tài sản giả lập, không phải kiểm kê máy thật. Nhóm: IPHONE. Bộ nhớ: 128 GB. Màu: Đen. Kết nối: Wi-Fi / cellular; SIM demo chưa kích hoạt. Phụ kiện: cáp sạc, ốp bảo vệ. Vị trí: Kho QA, kệ IPHONE-1. Máy DEMO sẵn sàng kiểm thử. Phiên bản OS là ảnh chụp cấu hình test giả lập, không phải khuyến nghị cập nhật."
"SYP-LAB-22-IPHONE-11","IPHONE","IPHONE","Apple iPhone 12","DEMO22-IPHONE-11","iOS","17.5.1","AVAILABLE","128 GB","","","DEMO — thông tin tài sản giả lập, không phải kiểm kê máy thật. Nhóm: IPHONE. Bộ nhớ: 128 GB. Màu: Đen. Kết nối: Wi-Fi / cellular; SIM demo chưa kích hoạt. Phụ kiện: cáp sạc, ốp bảo vệ. Vị trí: Kho QA, kệ IPHONE-2. Máy DEMO sẵn sàng kiểm thử. Phiên bản OS là ảnh chụp cấu hình test giả lập, không phải khuyến nghị cập nhật."
"SYP-LAB-22-IPHONE-12","IPHONE","IPHONE","Apple iPhone 12","DEMO22-IPHONE-12","iOS","18.0","AVAILABLE","128 GB","","","DEMO — thông tin tài sản giả lập, không phải kiểm kê máy thật. Nhóm: IPHONE. Bộ nhớ: 128 GB. Màu: Đen. Kết nối: Wi-Fi / cellular; SIM demo chưa kích hoạt. Phụ kiện: cáp sạc, ốp bảo vệ. Vị trí: Kho QA, kệ IPHONE-2. Máy DEMO sẵn sàng kiểm thử. Phiên bản OS là ảnh chụp cấu hình test giả lập, không phải khuyến nghị cập nhật."
"SYP-LAB-22-IPHONE-13","IPHONE","IPHONE","Apple iPhone 12","DEMO22-IPHONE-13","iOS","16.6","AVAILABLE","128 GB","","","DEMO — thông tin tài sản giả lập, không phải kiểm kê máy thật. Nhóm: IPHONE. Bộ nhớ: 128 GB. Màu: Đen. Kết nối: Wi-Fi / cellular; SIM demo chưa kích hoạt. Phụ kiện: cáp sạc, ốp bảo vệ. Vị trí: Kho QA, kệ IPHONE-2. Máy DEMO sẵn sàng kiểm thử. Phiên bản OS là ảnh chụp cấu hình test giả lập, không phải khuyến nghị cập nhật."
"SYP-LAB-22-IPHONE-14","IPHONE","IPHONE","Apple iPhone 12","DEMO22-IPHONE-14","iOS","17.5.1","AVAILABLE","128 GB","","","DEMO — thông tin tài sản giả lập, không phải kiểm kê máy thật. Nhóm: IPHONE. Bộ nhớ: 128 GB. Màu: Đen. Kết nối: Wi-Fi / cellular; SIM demo chưa kích hoạt. Phụ kiện: cáp sạc, ốp bảo vệ. Vị trí: Kho QA, kệ IPHONE-2. Máy DEMO sẵn sàng kiểm thử. Phiên bản OS là ảnh chụp cấu hình test giả lập, không phải khuyến nghị cập nhật."
"SYP-LAB-22-IPHONE-15","IPHONE","IPHONE","Apple iPhone 12","DEMO22-IPHONE-15","iOS","18.0","AVAILABLE","128 GB","","","DEMO — thông tin tài sản giả lập, không phải kiểm kê máy thật. Nhóm: IPHONE. Bộ nhớ: 128 GB. Màu: Đen. Kết nối: Wi-Fi / cellular; SIM demo chưa kích hoạt. Phụ kiện: cáp sạc, ốp bảo vệ. Vị trí: Kho QA, kệ IPHONE-2. Máy DEMO sẵn sàng kiểm thử. Phiên bản OS là ảnh chụp cấu hình test giả lập, không phải khuyến nghị cập nhật."
"SYP-LAB-22-IPHONE-16","IPHONE","IPHONE","Apple iPhone 12","DEMO22-IPHONE-16","iOS","16.6","AVAILABLE","128 GB","","","DEMO — thông tin tài sản giả lập, không phải kiểm kê máy thật. Nhóm: IPHONE. Bộ nhớ: 128 GB. Màu: Đen. Kết nối: Wi-Fi / cellular; SIM demo chưa kích hoạt. Phụ kiện: cáp sạc, ốp bảo vệ. Vị trí: Kho QA, kệ IPHONE-2. Máy DEMO sẵn sàng kiểm thử. Phiên bản OS là ảnh chụp cấu hình test giả lập, không phải khuyến nghị cập nhật."
"SYP-LAB-22-IPHONE-17","IPHONE","IPHONE","Apple iPhone 12","DEMO22-IPHONE-17","iOS","17.5.1","AVAILABLE","128 GB","","","DEMO — thông tin tài sản giả lập, không phải kiểm kê máy thật. Nhóm: IPHONE. Bộ nhớ: 128 GB. Màu: Đen. Kết nối: Wi-Fi / cellular; SIM demo chưa kích hoạt. Phụ kiện: cáp sạc, ốp bảo vệ. Vị trí: Kho QA, kệ IPHONE-2. Máy DEMO sẵn sàng kiểm thử. Phiên bản OS là ảnh chụp cấu hình test giả lập, không phải khuyến nghị cập nhật."
"SYP-LAB-22-IPHONE-18","IPHONE","IPHONE","Apple iPhone 12","DEMO22-IPHONE-18","iOS","18.0","AVAILABLE","128 GB","","","DEMO — thông tin tài sản giả lập, không phải kiểm kê máy thật. Nhóm: IPHONE. Bộ nhớ: 128 GB. Màu: Đen. Kết nối: Wi-Fi / cellular; SIM demo chưa kích hoạt. Phụ kiện: cáp sạc, ốp bảo vệ. Vị trí: Kho QA, kệ IPHONE-2. Máy DEMO sẵn sàng kiểm thử. Phiên bản OS là ảnh chụp cấu hình test giả lập, không phải khuyến nghị cập nhật."
"SYP-LAB-22-IPHONE-19","IPHONE","IPHONE","Apple iPhone 12","DEMO22-IPHONE-19","iOS","16.6","AVAILABLE","128 GB","","","DEMO — thông tin tài sản giả lập, không phải kiểm kê máy thật. Nhóm: IPHONE. Bộ nhớ: 128 GB. Màu: Đen. Kết nối: Wi-Fi / cellular; SIM demo chưa kích hoạt. Phụ kiện: cáp sạc, ốp bảo vệ. Vị trí: Kho QA, kệ IPHONE-2. Máy DEMO sẵn sàng kiểm thử. Phiên bản OS là ảnh chụp cấu hình test giả lập, không phải khuyến nghị cập nhật."
"SYP-LAB-22-IPHONE-20","IPHONE","IPHONE","Apple iPhone 12","DEMO22-IPHONE-20","iOS","17.5.1","AVAILABLE","128 GB","","","DEMO — thông tin tài sản giả lập, không phải kiểm kê máy thật. Nhóm: IPHONE. Bộ nhớ: 128 GB. Màu: Đen. Kết nối: Wi-Fi / cellular; SIM demo chưa kích hoạt. Phụ kiện: cáp sạc, ốp bảo vệ. Vị trí: Kho QA, kệ IPHONE-2. Máy DEMO sẵn sàng kiểm thử. Phiên bản OS là ảnh chụp cấu hình test giả lập, không phải khuyến nghị cập nhật."
"SYP-LAB-22-IPHONE-21","IPHONE","IPHONE","Apple iPhone 13","DEMO22-IPHONE-21","iOS","18.0","AVAILABLE","256 GB","","","DEMO — thông tin tài sản giả lập, không phải kiểm kê máy thật. Nhóm: IPHONE. Bộ nhớ: 256 GB. Màu: Đen. Kết nối: Wi-Fi / cellular; SIM demo chưa kích hoạt. Phụ kiện: cáp sạc, ốp bảo vệ. Vị trí: Kho QA, kệ IPHONE-3. Máy DEMO sẵn sàng kiểm thử. Phiên bản OS là ảnh chụp cấu hình test giả lập, không phải khuyến nghị cập nhật."
"SYP-LAB-22-IPHONE-22","IPHONE","IPHONE","Apple iPhone 13","DEMO22-IPHONE-22","iOS","16.6","AVAILABLE","256 GB","","","DEMO — thông tin tài sản giả lập, không phải kiểm kê máy thật. Nhóm: IPHONE. Bộ nhớ: 256 GB. Màu: Đen. Kết nối: Wi-Fi / cellular; SIM demo chưa kích hoạt. Phụ kiện: cáp sạc, ốp bảo vệ. Vị trí: Kho QA, kệ IPHONE-3. Máy DEMO sẵn sàng kiểm thử. Phiên bản OS là ảnh chụp cấu hình test giả lập, không phải khuyến nghị cập nhật."
"SYP-LAB-22-IPHONE-23","IPHONE","IPHONE","Apple iPhone 13","DEMO22-IPHONE-23","iOS","17.5.1","AVAILABLE","256 GB","","","DEMO — thông tin tài sản giả lập, không phải kiểm kê máy thật. Nhóm: IPHONE. Bộ nhớ: 256 GB. Màu: Đen. Kết nối: Wi-Fi / cellular; SIM demo chưa kích hoạt. Phụ kiện: cáp sạc, ốp bảo vệ. Vị trí: Kho QA, kệ IPHONE-3. Máy DEMO sẵn sàng kiểm thử. Phiên bản OS là ảnh chụp cấu hình test giả lập, không phải khuyến nghị cập nhật."
"SYP-LAB-22-IPHONE-24","IPHONE","IPHONE","Apple iPhone 13","DEMO22-IPHONE-24","iOS","18.0","AVAILABLE","256 GB","","","DEMO — thông tin tài sản giả lập, không phải kiểm kê máy thật. Nhóm: IPHONE. Bộ nhớ: 256 GB. Màu: Đen. Kết nối: Wi-Fi / cellular; SIM demo chưa kích hoạt. Phụ kiện: cáp sạc, ốp bảo vệ. Vị trí: Kho QA, kệ IPHONE-3. Máy DEMO sẵn sàng kiểm thử. Phiên bản OS là ảnh chụp cấu hình test giả lập, không phải khuyến nghị cập nhật."
"SYP-LAB-22-IPHONE-25","IPHONE","IPHONE","Apple iPhone 13","DEMO22-IPHONE-25","iOS","16.6","AVAILABLE","256 GB","","","DEMO — thông tin tài sản giả lập, không phải kiểm kê máy thật. Nhóm: IPHONE. Bộ nhớ: 256 GB. Màu: Đen. Kết nối: Wi-Fi / cellular; SIM demo chưa kích hoạt. Phụ kiện: cáp sạc, ốp bảo vệ. Vị trí: Kho QA, kệ IPHONE-3. Máy DEMO sẵn sàng kiểm thử. Phiên bản OS là ảnh chụp cấu hình test giả lập, không phải khuyến nghị cập nhật."
"SYP-LAB-22-IPHONE-26","IPHONE","IPHONE","Apple iPhone 13","DEMO22-IPHONE-26","iOS","17.5.1","AVAILABLE","256 GB","","","DEMO — thông tin tài sản giả lập, không phải kiểm kê máy thật. Nhóm: IPHONE. Bộ nhớ: 256 GB. Màu: Đen. Kết nối: Wi-Fi / cellular; SIM demo chưa kích hoạt. Phụ kiện: cáp sạc, ốp bảo vệ. Vị trí: Kho QA, kệ IPHONE-3. Máy DEMO sẵn sàng kiểm thử. Phiên bản OS là ảnh chụp cấu hình test giả lập, không phải khuyến nghị cập nhật."
"SYP-LAB-22-IPHONE-27","IPHONE","IPHONE","Apple iPhone 13","DEMO22-IPHONE-27","iOS","18.0","MAINTENANCE","256 GB","","","DEMO — thông tin tài sản giả lập, không phải kiểm kê máy thật. Nhóm: IPHONE. Bộ nhớ: 256 GB. Màu: Đen. Kết nối: Wi-Fi / cellular; SIM demo chưa kích hoạt. Phụ kiện: cáp sạc, ốp bảo vệ. Vị trí: Khu bảo trì. Đang bảo trì DEMO: kiểm tra pin và cổng sạc. Phiên bản OS là ảnh chụp cấu hình test giả lập, không phải khuyến nghị cập nhật."
"SYP-LAB-22-IPHONE-28","IPHONE","IPHONE","Apple iPhone 13","DEMO22-IPHONE-28","iOS","16.6","MAINTENANCE","256 GB","","","DEMO — thông tin tài sản giả lập, không phải kiểm kê máy thật. Nhóm: IPHONE. Bộ nhớ: 256 GB. Màu: Đen. Kết nối: Wi-Fi / cellular; SIM demo chưa kích hoạt. Phụ kiện: cáp sạc, ốp bảo vệ. Vị trí: Khu bảo trì. Đang bảo trì DEMO: kiểm tra pin và cổng sạc. Phiên bản OS là ảnh chụp cấu hình test giả lập, không phải khuyến nghị cập nhật."
"SYP-LAB-22-IPHONE-29","IPHONE","IPHONE","Apple iPhone 13","DEMO22-IPHONE-29","iOS","17.5.1","MAINTENANCE","256 GB","","","DEMO — thông tin tài sản giả lập, không phải kiểm kê máy thật. Nhóm: IPHONE. Bộ nhớ: 256 GB. Màu: Đen. Kết nối: Wi-Fi / cellular; SIM demo chưa kích hoạt. Phụ kiện: cáp sạc, ốp bảo vệ. Vị trí: Khu bảo trì. Đang bảo trì DEMO: kiểm tra pin và cổng sạc. Phiên bản OS là ảnh chụp cấu hình test giả lập, không phải khuyến nghị cập nhật."
"SYP-LAB-22-IPHONE-30","IPHONE","IPHONE","Apple iPhone 13","DEMO22-IPHONE-30","iOS","18.0","RETIRED","256 GB","","","DEMO — thông tin tài sản giả lập, không phải kiểm kê máy thật. Nhóm: IPHONE. Bộ nhớ: 256 GB. Màu: Đen. Kết nối: Wi-Fi / cellular; SIM demo chưa kích hoạt. Phụ kiện: cáp sạc, ốp bảo vệ. Vị trí: Kho lưu trữ. Ngừng dùng DEMO: máy dành kiểm thử trạng thái lưu trữ. Phiên bản OS là ảnh chụp cấu hình test giả lập, không phải khuyến nghị cập nhật."
"SYP-LAB-22-TABLET-01","TABLET","ANDROID","Samsung Galaxy Tab S8","DEMO22-TABLET-01","Android","12","AVAILABLE","128 GB","syp.lab.tester27","SYP-LAB-22-TABLET","DEMO — thông tin tài sản giả lập, không phải kiểm kê máy thật. Nhóm: Tablet Android. Bộ nhớ: 128 GB. Màu: Graphite. Kết nối: Wi-Fi. Phụ kiện: cáp sạc, ốp bảo vệ. Vị trí: Đã bàn giao cho Tester demo. Máy DEMO sẵn sàng kiểm thử. Phiên bản OS là ảnh chụp cấu hình test giả lập, không phải khuyến nghị cập nhật."
"SYP-LAB-22-TABLET-02","TABLET","ANDROID","Samsung Galaxy Tab S8","DEMO22-TABLET-02","Android","13","AVAILABLE","128 GB","syp.lab.tester28","SYP-LAB-22-TABLET","DEMO — thông tin tài sản giả lập, không phải kiểm kê máy thật. Nhóm: Tablet Android. Bộ nhớ: 128 GB. Màu: Graphite. Kết nối: Wi-Fi. Phụ kiện: cáp sạc, ốp bảo vệ. Vị trí: Đã bàn giao cho Tester demo. Máy DEMO sẵn sàng kiểm thử. Phiên bản OS là ảnh chụp cấu hình test giả lập, không phải khuyến nghị cập nhật."
"SYP-LAB-22-TABLET-03","TABLET","ANDROID","Samsung Galaxy Tab S8","DEMO22-TABLET-03","Android","14","AVAILABLE","128 GB","syp.lab.tester29","SYP-LAB-22-TABLET","DEMO — thông tin tài sản giả lập, không phải kiểm kê máy thật. Nhóm: Tablet Android. Bộ nhớ: 128 GB. Màu: Graphite. Kết nối: Wi-Fi. Phụ kiện: cáp sạc, ốp bảo vệ. Vị trí: Đã bàn giao cho Tester demo. Máy DEMO sẵn sàng kiểm thử. Phiên bản OS là ảnh chụp cấu hình test giả lập, không phải khuyến nghị cập nhật."
"SYP-LAB-22-TABLET-04","TABLET","ANDROID","Samsung Galaxy Tab S8","DEMO22-TABLET-04","Android","12","AVAILABLE","128 GB","syp.lab.tester30","SYP-LAB-22-TABLET","DEMO — thông tin tài sản giả lập, không phải kiểm kê máy thật. Nhóm: Tablet Android. Bộ nhớ: 128 GB. Màu: Graphite. Kết nối: Wi-Fi. Phụ kiện: cáp sạc, ốp bảo vệ. Vị trí: Đã bàn giao cho Tester demo. Máy DEMO sẵn sàng kiểm thử. Phiên bản OS là ảnh chụp cấu hình test giả lập, không phải khuyến nghị cập nhật."
"SYP-LAB-22-TABLET-05","TABLET","ANDROID","Samsung Galaxy Tab S8","DEMO22-TABLET-05","Android","13","AVAILABLE","128 GB","syp.lab.tester31","SYP-LAB-22-TABLET","DEMO — thông tin tài sản giả lập, không phải kiểm kê máy thật. Nhóm: Tablet Android. Bộ nhớ: 128 GB. Màu: Graphite. Kết nối: Wi-Fi. Phụ kiện: cáp sạc, ốp bảo vệ. Vị trí: Đã bàn giao cho Tester demo. Máy DEMO sẵn sàng kiểm thử. Phiên bản OS là ảnh chụp cấu hình test giả lập, không phải khuyến nghị cập nhật."
"SYP-LAB-22-TABLET-06","TABLET","ANDROID","Samsung Galaxy Tab S8","DEMO22-TABLET-06","Android","14","AVAILABLE","128 GB","syp.lab.tester32","SYP-LAB-22-TABLET","DEMO — thông tin tài sản giả lập, không phải kiểm kê máy thật. Nhóm: Tablet Android. Bộ nhớ: 128 GB. Màu: Graphite. Kết nối: Wi-Fi. Phụ kiện: cáp sạc, ốp bảo vệ. Vị trí: Đã bàn giao cho Tester demo. Máy DEMO sẵn sàng kiểm thử. Phiên bản OS là ảnh chụp cấu hình test giả lập, không phải khuyến nghị cập nhật."
"SYP-LAB-22-TABLET-07","TABLET","ANDROID","Samsung Galaxy Tab S8","DEMO22-TABLET-07","Android","12","AVAILABLE","128 GB","","","DEMO — thông tin tài sản giả lập, không phải kiểm kê máy thật. Nhóm: Tablet Android. Bộ nhớ: 128 GB. Màu: Graphite. Kết nối: Wi-Fi. Phụ kiện: cáp sạc, ốp bảo vệ. Vị trí: Kho QA, kệ TABLET-1. Máy DEMO sẵn sàng kiểm thử. Phiên bản OS là ảnh chụp cấu hình test giả lập, không phải khuyến nghị cập nhật."
"SYP-LAB-22-TABLET-08","TABLET","ANDROID","Samsung Galaxy Tab S8","DEMO22-TABLET-08","Android","13","AVAILABLE","128 GB","","","DEMO — thông tin tài sản giả lập, không phải kiểm kê máy thật. Nhóm: Tablet Android. Bộ nhớ: 128 GB. Màu: Graphite. Kết nối: Wi-Fi. Phụ kiện: cáp sạc, ốp bảo vệ. Vị trí: Kho QA, kệ TABLET-1. Máy DEMO sẵn sàng kiểm thử. Phiên bản OS là ảnh chụp cấu hình test giả lập, không phải khuyến nghị cập nhật."
"SYP-LAB-22-TABLET-09","TABLET","ANDROID","Samsung Galaxy Tab S8","DEMO22-TABLET-09","Android","14","AVAILABLE","128 GB","","","DEMO — thông tin tài sản giả lập, không phải kiểm kê máy thật. Nhóm: Tablet Android. Bộ nhớ: 128 GB. Màu: Graphite. Kết nối: Wi-Fi. Phụ kiện: cáp sạc, ốp bảo vệ. Vị trí: Kho QA, kệ TABLET-1. Máy DEMO sẵn sàng kiểm thử. Phiên bản OS là ảnh chụp cấu hình test giả lập, không phải khuyến nghị cập nhật."
"SYP-LAB-22-TABLET-10","TABLET","ANDROID","Samsung Galaxy Tab S8","DEMO22-TABLET-10","Android","12","AVAILABLE","128 GB","","","DEMO — thông tin tài sản giả lập, không phải kiểm kê máy thật. Nhóm: Tablet Android. Bộ nhớ: 128 GB. Màu: Graphite. Kết nối: Wi-Fi. Phụ kiện: cáp sạc, ốp bảo vệ. Vị trí: Kho QA, kệ TABLET-1. Máy DEMO sẵn sàng kiểm thử. Phiên bản OS là ảnh chụp cấu hình test giả lập, không phải khuyến nghị cập nhật."
"SYP-LAB-22-TABLET-11","TABLET","ANDROID","Samsung Galaxy Tab S8+","DEMO22-TABLET-11","Android","13","AVAILABLE","128 GB","","","DEMO — thông tin tài sản giả lập, không phải kiểm kê máy thật. Nhóm: Tablet Android. Bộ nhớ: 128 GB. Màu: Graphite. Kết nối: Wi-Fi. Phụ kiện: cáp sạc, ốp bảo vệ. Vị trí: Kho QA, kệ TABLET-2. Máy DEMO sẵn sàng kiểm thử. Phiên bản OS là ảnh chụp cấu hình test giả lập, không phải khuyến nghị cập nhật."
"SYP-LAB-22-TABLET-12","TABLET","ANDROID","Samsung Galaxy Tab S8+","DEMO22-TABLET-12","Android","14","AVAILABLE","128 GB","","","DEMO — thông tin tài sản giả lập, không phải kiểm kê máy thật. Nhóm: Tablet Android. Bộ nhớ: 128 GB. Màu: Graphite. Kết nối: Wi-Fi. Phụ kiện: cáp sạc, ốp bảo vệ. Vị trí: Kho QA, kệ TABLET-2. Máy DEMO sẵn sàng kiểm thử. Phiên bản OS là ảnh chụp cấu hình test giả lập, không phải khuyến nghị cập nhật."
"SYP-LAB-22-TABLET-13","TABLET","ANDROID","Samsung Galaxy Tab S8+","DEMO22-TABLET-13","Android","12","AVAILABLE","128 GB","","","DEMO — thông tin tài sản giả lập, không phải kiểm kê máy thật. Nhóm: Tablet Android. Bộ nhớ: 128 GB. Màu: Graphite. Kết nối: Wi-Fi. Phụ kiện: cáp sạc, ốp bảo vệ. Vị trí: Kho QA, kệ TABLET-2. Máy DEMO sẵn sàng kiểm thử. Phiên bản OS là ảnh chụp cấu hình test giả lập, không phải khuyến nghị cập nhật."
"SYP-LAB-22-TABLET-14","TABLET","ANDROID","Samsung Galaxy Tab S8+","DEMO22-TABLET-14","Android","13","AVAILABLE","128 GB","","","DEMO — thông tin tài sản giả lập, không phải kiểm kê máy thật. Nhóm: Tablet Android. Bộ nhớ: 128 GB. Màu: Graphite. Kết nối: Wi-Fi. Phụ kiện: cáp sạc, ốp bảo vệ. Vị trí: Kho QA, kệ TABLET-2. Máy DEMO sẵn sàng kiểm thử. Phiên bản OS là ảnh chụp cấu hình test giả lập, không phải khuyến nghị cập nhật."
"SYP-LAB-22-TABLET-15","TABLET","ANDROID","Samsung Galaxy Tab S8+","DEMO22-TABLET-15","Android","14","AVAILABLE","128 GB","","","DEMO — thông tin tài sản giả lập, không phải kiểm kê máy thật. Nhóm: Tablet Android. Bộ nhớ: 128 GB. Màu: Graphite. Kết nối: Wi-Fi. Phụ kiện: cáp sạc, ốp bảo vệ. Vị trí: Kho QA, kệ TABLET-2. Máy DEMO sẵn sàng kiểm thử. Phiên bản OS là ảnh chụp cấu hình test giả lập, không phải khuyến nghị cập nhật."
"SYP-LAB-22-TABLET-16","TABLET","ANDROID","Samsung Galaxy Tab S8+","DEMO22-TABLET-16","Android","12","AVAILABLE","128 GB","","","DEMO — thông tin tài sản giả lập, không phải kiểm kê máy thật. Nhóm: Tablet Android. Bộ nhớ: 128 GB. Màu: Graphite. Kết nối: Wi-Fi. Phụ kiện: cáp sạc, ốp bảo vệ. Vị trí: Kho QA, kệ TABLET-2. Máy DEMO sẵn sàng kiểm thử. Phiên bản OS là ảnh chụp cấu hình test giả lập, không phải khuyến nghị cập nhật."
"SYP-LAB-22-TABLET-17","TABLET","ANDROID","Samsung Galaxy Tab S8+","DEMO22-TABLET-17","Android","13","AVAILABLE","128 GB","","","DEMO — thông tin tài sản giả lập, không phải kiểm kê máy thật. Nhóm: Tablet Android. Bộ nhớ: 128 GB. Màu: Graphite. Kết nối: Wi-Fi. Phụ kiện: cáp sạc, ốp bảo vệ. Vị trí: Kho QA, kệ TABLET-2. Máy DEMO sẵn sàng kiểm thử. Phiên bản OS là ảnh chụp cấu hình test giả lập, không phải khuyến nghị cập nhật."
"SYP-LAB-22-TABLET-18","TABLET","ANDROID","Samsung Galaxy Tab S8+","DEMO22-TABLET-18","Android","14","AVAILABLE","128 GB","","","DEMO — thông tin tài sản giả lập, không phải kiểm kê máy thật. Nhóm: Tablet Android. Bộ nhớ: 128 GB. Màu: Graphite. Kết nối: Wi-Fi. Phụ kiện: cáp sạc, ốp bảo vệ. Vị trí: Kho QA, kệ TABLET-2. Máy DEMO sẵn sàng kiểm thử. Phiên bản OS là ảnh chụp cấu hình test giả lập, không phải khuyến nghị cập nhật."
"SYP-LAB-22-TABLET-19","TABLET","ANDROID","Samsung Galaxy Tab S8+","DEMO22-TABLET-19","Android","12","AVAILABLE","128 GB","","","DEMO — thông tin tài sản giả lập, không phải kiểm kê máy thật. Nhóm: Tablet Android. Bộ nhớ: 128 GB. Màu: Graphite. Kết nối: Wi-Fi. Phụ kiện: cáp sạc, ốp bảo vệ. Vị trí: Kho QA, kệ TABLET-2. Máy DEMO sẵn sàng kiểm thử. Phiên bản OS là ảnh chụp cấu hình test giả lập, không phải khuyến nghị cập nhật."
"SYP-LAB-22-TABLET-20","TABLET","ANDROID","Samsung Galaxy Tab S8+","DEMO22-TABLET-20","Android","13","AVAILABLE","128 GB","","","DEMO — thông tin tài sản giả lập, không phải kiểm kê máy thật. Nhóm: Tablet Android. Bộ nhớ: 128 GB. Màu: Graphite. Kết nối: Wi-Fi. Phụ kiện: cáp sạc, ốp bảo vệ. Vị trí: Kho QA, kệ TABLET-2. Máy DEMO sẵn sàng kiểm thử. Phiên bản OS là ảnh chụp cấu hình test giả lập, không phải khuyến nghị cập nhật."
"SYP-LAB-22-TABLET-21","TABLET","ANDROID","Samsung Galaxy Tab S8 Ultra","DEMO22-TABLET-21","Android","14","AVAILABLE","128 GB","","","DEMO — thông tin tài sản giả lập, không phải kiểm kê máy thật. Nhóm: Tablet Android. Bộ nhớ: 128 GB. Màu: Graphite. Kết nối: Wi-Fi. Phụ kiện: cáp sạc, ốp bảo vệ. Vị trí: Kho QA, kệ TABLET-3. Máy DEMO sẵn sàng kiểm thử. Phiên bản OS là ảnh chụp cấu hình test giả lập, không phải khuyến nghị cập nhật."
"SYP-LAB-22-TABLET-22","TABLET","ANDROID","Samsung Galaxy Tab S8 Ultra","DEMO22-TABLET-22","Android","12","AVAILABLE","128 GB","","","DEMO — thông tin tài sản giả lập, không phải kiểm kê máy thật. Nhóm: Tablet Android. Bộ nhớ: 128 GB. Màu: Graphite. Kết nối: Wi-Fi. Phụ kiện: cáp sạc, ốp bảo vệ. Vị trí: Kho QA, kệ TABLET-3. Máy DEMO sẵn sàng kiểm thử. Phiên bản OS là ảnh chụp cấu hình test giả lập, không phải khuyến nghị cập nhật."
"SYP-LAB-22-TABLET-23","TABLET","ANDROID","Samsung Galaxy Tab S8 Ultra","DEMO22-TABLET-23","Android","13","AVAILABLE","128 GB","","","DEMO — thông tin tài sản giả lập, không phải kiểm kê máy thật. Nhóm: Tablet Android. Bộ nhớ: 128 GB. Màu: Graphite. Kết nối: Wi-Fi. Phụ kiện: cáp sạc, ốp bảo vệ. Vị trí: Kho QA, kệ TABLET-3. Máy DEMO sẵn sàng kiểm thử. Phiên bản OS là ảnh chụp cấu hình test giả lập, không phải khuyến nghị cập nhật."
"SYP-LAB-22-TABLET-24","TABLET","ANDROID","Samsung Galaxy Tab S8 Ultra","DEMO22-TABLET-24","Android","14","AVAILABLE","128 GB","","","DEMO — thông tin tài sản giả lập, không phải kiểm kê máy thật. Nhóm: Tablet Android. Bộ nhớ: 128 GB. Màu: Graphite. Kết nối: Wi-Fi. Phụ kiện: cáp sạc, ốp bảo vệ. Vị trí: Kho QA, kệ TABLET-3. Máy DEMO sẵn sàng kiểm thử. Phiên bản OS là ảnh chụp cấu hình test giả lập, không phải khuyến nghị cập nhật."
"SYP-LAB-22-TABLET-25","TABLET","ANDROID","Samsung Galaxy Tab S8 Ultra","DEMO22-TABLET-25","Android","12","AVAILABLE","128 GB","","","DEMO — thông tin tài sản giả lập, không phải kiểm kê máy thật. Nhóm: Tablet Android. Bộ nhớ: 128 GB. Màu: Graphite. Kết nối: Wi-Fi. Phụ kiện: cáp sạc, ốp bảo vệ. Vị trí: Kho QA, kệ TABLET-3. Máy DEMO sẵn sàng kiểm thử. Phiên bản OS là ảnh chụp cấu hình test giả lập, không phải khuyến nghị cập nhật."
"SYP-LAB-22-TABLET-26","TABLET","ANDROID","Samsung Galaxy Tab S8 Ultra","DEMO22-TABLET-26","Android","13","AVAILABLE","128 GB","","","DEMO — thông tin tài sản giả lập, không phải kiểm kê máy thật. Nhóm: Tablet Android. Bộ nhớ: 128 GB. Màu: Graphite. Kết nối: Wi-Fi. Phụ kiện: cáp sạc, ốp bảo vệ. Vị trí: Kho QA, kệ TABLET-3. Máy DEMO sẵn sàng kiểm thử. Phiên bản OS là ảnh chụp cấu hình test giả lập, không phải khuyến nghị cập nhật."
"SYP-LAB-22-TABLET-27","TABLET","ANDROID","Samsung Galaxy Tab S8 Ultra","DEMO22-TABLET-27","Android","14","MAINTENANCE","128 GB","","","DEMO — thông tin tài sản giả lập, không phải kiểm kê máy thật. Nhóm: Tablet Android. Bộ nhớ: 128 GB. Màu: Graphite. Kết nối: Wi-Fi. Phụ kiện: cáp sạc, ốp bảo vệ. Vị trí: Khu bảo trì. Đang bảo trì DEMO: kiểm tra pin và cổng sạc. Phiên bản OS là ảnh chụp cấu hình test giả lập, không phải khuyến nghị cập nhật."
"SYP-LAB-22-TABLET-28","TABLET","ANDROID","Samsung Galaxy Tab S8 Ultra","DEMO22-TABLET-28","Android","12","MAINTENANCE","128 GB","","","DEMO — thông tin tài sản giả lập, không phải kiểm kê máy thật. Nhóm: Tablet Android. Bộ nhớ: 128 GB. Màu: Graphite. Kết nối: Wi-Fi. Phụ kiện: cáp sạc, ốp bảo vệ. Vị trí: Khu bảo trì. Đang bảo trì DEMO: kiểm tra pin và cổng sạc. Phiên bản OS là ảnh chụp cấu hình test giả lập, không phải khuyến nghị cập nhật."
"SYP-LAB-22-TABLET-29","TABLET","ANDROID","Samsung Galaxy Tab S8 Ultra","DEMO22-TABLET-29","Android","13","MAINTENANCE","128 GB","","","DEMO — thông tin tài sản giả lập, không phải kiểm kê máy thật. Nhóm: Tablet Android. Bộ nhớ: 128 GB. Màu: Graphite. Kết nối: Wi-Fi. Phụ kiện: cáp sạc, ốp bảo vệ. Vị trí: Khu bảo trì. Đang bảo trì DEMO: kiểm tra pin và cổng sạc. Phiên bản OS là ảnh chụp cấu hình test giả lập, không phải khuyến nghị cập nhật."
"SYP-LAB-22-TABLET-30","TABLET","ANDROID","Samsung Galaxy Tab S8 Ultra","DEMO22-TABLET-30","Android","14","RETIRED","128 GB","","","DEMO — thông tin tài sản giả lập, không phải kiểm kê máy thật. Nhóm: Tablet Android. Bộ nhớ: 128 GB. Màu: Graphite. Kết nối: Wi-Fi. Phụ kiện: cáp sạc, ốp bảo vệ. Vị trí: Kho lưu trữ. Ngừng dùng DEMO: máy dành kiểm thử trạng thái lưu trữ. Phiên bản OS là ảnh chụp cấu hình test giả lập, không phải khuyến nghị cập nhật."
"SYP-LAB-22-PHONE-01","PHONE","ANDROID","Samsung Galaxy S21 5G","DEMO22-PHONE-01","Android","12","AVAILABLE","128 GB","syp.lab.tester53","SYP-LAB-22-PHONE","DEMO — thông tin tài sản giả lập, không phải kiểm kê máy thật. Nhóm: Smartphone Android. Bộ nhớ: 128 GB. Màu: Xám/đen giả lập. Kết nối: Wi-Fi / 5G; SIM demo chưa kích hoạt. Phụ kiện: cáp sạc, ốp bảo vệ. Vị trí: Đã bàn giao cho Tester demo. Máy DEMO sẵn sàng kiểm thử. Phiên bản OS là ảnh chụp cấu hình test giả lập, không phải khuyến nghị cập nhật."
"SYP-LAB-22-PHONE-02","PHONE","ANDROID","Samsung Galaxy S21 5G","DEMO22-PHONE-02","Android","13","AVAILABLE","128 GB","syp.lab.tester54","SYP-LAB-22-PHONE","DEMO — thông tin tài sản giả lập, không phải kiểm kê máy thật. Nhóm: Smartphone Android. Bộ nhớ: 128 GB. Màu: Xám/đen giả lập. Kết nối: Wi-Fi / 5G; SIM demo chưa kích hoạt. Phụ kiện: cáp sạc, ốp bảo vệ. Vị trí: Đã bàn giao cho Tester demo. Máy DEMO sẵn sàng kiểm thử. Phiên bản OS là ảnh chụp cấu hình test giả lập, không phải khuyến nghị cập nhật."
"SYP-LAB-22-PHONE-03","PHONE","ANDROID","Samsung Galaxy S21 5G","DEMO22-PHONE-03","Android","14","AVAILABLE","128 GB","syp.lab.tester55","SYP-LAB-22-PHONE","DEMO — thông tin tài sản giả lập, không phải kiểm kê máy thật. Nhóm: Smartphone Android. Bộ nhớ: 128 GB. Màu: Xám/đen giả lập. Kết nối: Wi-Fi / 5G; SIM demo chưa kích hoạt. Phụ kiện: cáp sạc, ốp bảo vệ. Vị trí: Đã bàn giao cho Tester demo. Máy DEMO sẵn sàng kiểm thử. Phiên bản OS là ảnh chụp cấu hình test giả lập, không phải khuyến nghị cập nhật."
"SYP-LAB-22-PHONE-04","PHONE","ANDROID","Samsung Galaxy S21 5G","DEMO22-PHONE-04","Android","12","AVAILABLE","128 GB","syp.lab.tester56","SYP-LAB-22-PHONE","DEMO — thông tin tài sản giả lập, không phải kiểm kê máy thật. Nhóm: Smartphone Android. Bộ nhớ: 128 GB. Màu: Xám/đen giả lập. Kết nối: Wi-Fi / 5G; SIM demo chưa kích hoạt. Phụ kiện: cáp sạc, ốp bảo vệ. Vị trí: Đã bàn giao cho Tester demo. Máy DEMO sẵn sàng kiểm thử. Phiên bản OS là ảnh chụp cấu hình test giả lập, không phải khuyến nghị cập nhật."
"SYP-LAB-22-PHONE-05","PHONE","ANDROID","Samsung Galaxy S21 5G","DEMO22-PHONE-05","Android","13","AVAILABLE","128 GB","syp.lab.tester57","SYP-LAB-22-PHONE","DEMO — thông tin tài sản giả lập, không phải kiểm kê máy thật. Nhóm: Smartphone Android. Bộ nhớ: 128 GB. Màu: Xám/đen giả lập. Kết nối: Wi-Fi / 5G; SIM demo chưa kích hoạt. Phụ kiện: cáp sạc, ốp bảo vệ. Vị trí: Đã bàn giao cho Tester demo. Máy DEMO sẵn sàng kiểm thử. Phiên bản OS là ảnh chụp cấu hình test giả lập, không phải khuyến nghị cập nhật."
"SYP-LAB-22-PHONE-06","PHONE","ANDROID","Samsung Galaxy S21 5G","DEMO22-PHONE-06","Android","14","AVAILABLE","128 GB","syp.lab.tester58","SYP-LAB-22-PHONE","DEMO — thông tin tài sản giả lập, không phải kiểm kê máy thật. Nhóm: Smartphone Android. Bộ nhớ: 128 GB. Màu: Xám/đen giả lập. Kết nối: Wi-Fi / 5G; SIM demo chưa kích hoạt. Phụ kiện: cáp sạc, ốp bảo vệ. Vị trí: Đã bàn giao cho Tester demo. Máy DEMO sẵn sàng kiểm thử. Phiên bản OS là ảnh chụp cấu hình test giả lập, không phải khuyến nghị cập nhật."
"SYP-LAB-22-PHONE-07","PHONE","ANDROID","Samsung Galaxy S21 5G","DEMO22-PHONE-07","Android","12","AVAILABLE","128 GB","","","DEMO — thông tin tài sản giả lập, không phải kiểm kê máy thật. Nhóm: Smartphone Android. Bộ nhớ: 128 GB. Màu: Xám/đen giả lập. Kết nối: Wi-Fi / 5G; SIM demo chưa kích hoạt. Phụ kiện: cáp sạc, ốp bảo vệ. Vị trí: Kho QA, kệ PHONE-1. Máy DEMO sẵn sàng kiểm thử. Phiên bản OS là ảnh chụp cấu hình test giả lập, không phải khuyến nghị cập nhật."
"SYP-LAB-22-PHONE-08","PHONE","ANDROID","Samsung Galaxy S21 5G","DEMO22-PHONE-08","Android","13","AVAILABLE","128 GB","","","DEMO — thông tin tài sản giả lập, không phải kiểm kê máy thật. Nhóm: Smartphone Android. Bộ nhớ: 128 GB. Màu: Xám/đen giả lập. Kết nối: Wi-Fi / 5G; SIM demo chưa kích hoạt. Phụ kiện: cáp sạc, ốp bảo vệ. Vị trí: Kho QA, kệ PHONE-1. Máy DEMO sẵn sàng kiểm thử. Phiên bản OS là ảnh chụp cấu hình test giả lập, không phải khuyến nghị cập nhật."
"SYP-LAB-22-PHONE-09","PHONE","ANDROID","Samsung Galaxy S21 5G","DEMO22-PHONE-09","Android","14","AVAILABLE","128 GB","","","DEMO — thông tin tài sản giả lập, không phải kiểm kê máy thật. Nhóm: Smartphone Android. Bộ nhớ: 128 GB. Màu: Xám/đen giả lập. Kết nối: Wi-Fi / 5G; SIM demo chưa kích hoạt. Phụ kiện: cáp sạc, ốp bảo vệ. Vị trí: Kho QA, kệ PHONE-1. Máy DEMO sẵn sàng kiểm thử. Phiên bản OS là ảnh chụp cấu hình test giả lập, không phải khuyến nghị cập nhật."
"SYP-LAB-22-PHONE-10","PHONE","ANDROID","Samsung Galaxy S21 5G","DEMO22-PHONE-10","Android","12","AVAILABLE","128 GB","","","DEMO — thông tin tài sản giả lập, không phải kiểm kê máy thật. Nhóm: Smartphone Android. Bộ nhớ: 128 GB. Màu: Xám/đen giả lập. Kết nối: Wi-Fi / 5G; SIM demo chưa kích hoạt. Phụ kiện: cáp sạc, ốp bảo vệ. Vị trí: Kho QA, kệ PHONE-1. Máy DEMO sẵn sàng kiểm thử. Phiên bản OS là ảnh chụp cấu hình test giả lập, không phải khuyến nghị cập nhật."
"SYP-LAB-22-PHONE-11","PHONE","ANDROID","Samsung Galaxy S21+ 5G","DEMO22-PHONE-11","Android","13","AVAILABLE","128 GB","","","DEMO — thông tin tài sản giả lập, không phải kiểm kê máy thật. Nhóm: Smartphone Android. Bộ nhớ: 128 GB. Màu: Xám/đen giả lập. Kết nối: Wi-Fi / 5G; SIM demo chưa kích hoạt. Phụ kiện: cáp sạc, ốp bảo vệ. Vị trí: Kho QA, kệ PHONE-2. Máy DEMO sẵn sàng kiểm thử. Phiên bản OS là ảnh chụp cấu hình test giả lập, không phải khuyến nghị cập nhật."
"SYP-LAB-22-PHONE-12","PHONE","ANDROID","Samsung Galaxy S21+ 5G","DEMO22-PHONE-12","Android","14","AVAILABLE","128 GB","","","DEMO — thông tin tài sản giả lập, không phải kiểm kê máy thật. Nhóm: Smartphone Android. Bộ nhớ: 128 GB. Màu: Xám/đen giả lập. Kết nối: Wi-Fi / 5G; SIM demo chưa kích hoạt. Phụ kiện: cáp sạc, ốp bảo vệ. Vị trí: Kho QA, kệ PHONE-2. Máy DEMO sẵn sàng kiểm thử. Phiên bản OS là ảnh chụp cấu hình test giả lập, không phải khuyến nghị cập nhật."
"SYP-LAB-22-PHONE-13","PHONE","ANDROID","Samsung Galaxy S21+ 5G","DEMO22-PHONE-13","Android","12","AVAILABLE","128 GB","","","DEMO — thông tin tài sản giả lập, không phải kiểm kê máy thật. Nhóm: Smartphone Android. Bộ nhớ: 128 GB. Màu: Xám/đen giả lập. Kết nối: Wi-Fi / 5G; SIM demo chưa kích hoạt. Phụ kiện: cáp sạc, ốp bảo vệ. Vị trí: Kho QA, kệ PHONE-2. Máy DEMO sẵn sàng kiểm thử. Phiên bản OS là ảnh chụp cấu hình test giả lập, không phải khuyến nghị cập nhật."
"SYP-LAB-22-PHONE-14","PHONE","ANDROID","Samsung Galaxy S21+ 5G","DEMO22-PHONE-14","Android","13","AVAILABLE","128 GB","","","DEMO — thông tin tài sản giả lập, không phải kiểm kê máy thật. Nhóm: Smartphone Android. Bộ nhớ: 128 GB. Màu: Xám/đen giả lập. Kết nối: Wi-Fi / 5G; SIM demo chưa kích hoạt. Phụ kiện: cáp sạc, ốp bảo vệ. Vị trí: Kho QA, kệ PHONE-2. Máy DEMO sẵn sàng kiểm thử. Phiên bản OS là ảnh chụp cấu hình test giả lập, không phải khuyến nghị cập nhật."
"SYP-LAB-22-PHONE-15","PHONE","ANDROID","Samsung Galaxy S21+ 5G","DEMO22-PHONE-15","Android","14","AVAILABLE","128 GB","","","DEMO — thông tin tài sản giả lập, không phải kiểm kê máy thật. Nhóm: Smartphone Android. Bộ nhớ: 128 GB. Màu: Xám/đen giả lập. Kết nối: Wi-Fi / 5G; SIM demo chưa kích hoạt. Phụ kiện: cáp sạc, ốp bảo vệ. Vị trí: Kho QA, kệ PHONE-2. Máy DEMO sẵn sàng kiểm thử. Phiên bản OS là ảnh chụp cấu hình test giả lập, không phải khuyến nghị cập nhật."
"SYP-LAB-22-PHONE-16","PHONE","ANDROID","Samsung Galaxy S21+ 5G","DEMO22-PHONE-16","Android","12","AVAILABLE","128 GB","","","DEMO — thông tin tài sản giả lập, không phải kiểm kê máy thật. Nhóm: Smartphone Android. Bộ nhớ: 128 GB. Màu: Xám/đen giả lập. Kết nối: Wi-Fi / 5G; SIM demo chưa kích hoạt. Phụ kiện: cáp sạc, ốp bảo vệ. Vị trí: Kho QA, kệ PHONE-2. Máy DEMO sẵn sàng kiểm thử. Phiên bản OS là ảnh chụp cấu hình test giả lập, không phải khuyến nghị cập nhật."
"SYP-LAB-22-PHONE-17","PHONE","ANDROID","Samsung Galaxy S21+ 5G","DEMO22-PHONE-17","Android","13","AVAILABLE","128 GB","","","DEMO — thông tin tài sản giả lập, không phải kiểm kê máy thật. Nhóm: Smartphone Android. Bộ nhớ: 128 GB. Màu: Xám/đen giả lập. Kết nối: Wi-Fi / 5G; SIM demo chưa kích hoạt. Phụ kiện: cáp sạc, ốp bảo vệ. Vị trí: Kho QA, kệ PHONE-2. Máy DEMO sẵn sàng kiểm thử. Phiên bản OS là ảnh chụp cấu hình test giả lập, không phải khuyến nghị cập nhật."
"SYP-LAB-22-PHONE-18","PHONE","ANDROID","Samsung Galaxy S21+ 5G","DEMO22-PHONE-18","Android","14","AVAILABLE","128 GB","","","DEMO — thông tin tài sản giả lập, không phải kiểm kê máy thật. Nhóm: Smartphone Android. Bộ nhớ: 128 GB. Màu: Xám/đen giả lập. Kết nối: Wi-Fi / 5G; SIM demo chưa kích hoạt. Phụ kiện: cáp sạc, ốp bảo vệ. Vị trí: Kho QA, kệ PHONE-2. Máy DEMO sẵn sàng kiểm thử. Phiên bản OS là ảnh chụp cấu hình test giả lập, không phải khuyến nghị cập nhật."
"SYP-LAB-22-PHONE-19","PHONE","ANDROID","Samsung Galaxy S21+ 5G","DEMO22-PHONE-19","Android","12","AVAILABLE","128 GB","","","DEMO — thông tin tài sản giả lập, không phải kiểm kê máy thật. Nhóm: Smartphone Android. Bộ nhớ: 128 GB. Màu: Xám/đen giả lập. Kết nối: Wi-Fi / 5G; SIM demo chưa kích hoạt. Phụ kiện: cáp sạc, ốp bảo vệ. Vị trí: Kho QA, kệ PHONE-2. Máy DEMO sẵn sàng kiểm thử. Phiên bản OS là ảnh chụp cấu hình test giả lập, không phải khuyến nghị cập nhật."
"SYP-LAB-22-PHONE-20","PHONE","ANDROID","Samsung Galaxy S21+ 5G","DEMO22-PHONE-20","Android","13","AVAILABLE","128 GB","","","DEMO — thông tin tài sản giả lập, không phải kiểm kê máy thật. Nhóm: Smartphone Android. Bộ nhớ: 128 GB. Màu: Xám/đen giả lập. Kết nối: Wi-Fi / 5G; SIM demo chưa kích hoạt. Phụ kiện: cáp sạc, ốp bảo vệ. Vị trí: Kho QA, kệ PHONE-2. Máy DEMO sẵn sàng kiểm thử. Phiên bản OS là ảnh chụp cấu hình test giả lập, không phải khuyến nghị cập nhật."
"SYP-LAB-22-PHONE-21","PHONE","ANDROID","Samsung Galaxy S21 Ultra 5G","DEMO22-PHONE-21","Android","14","AVAILABLE","128 GB","","","DEMO — thông tin tài sản giả lập, không phải kiểm kê máy thật. Nhóm: Smartphone Android. Bộ nhớ: 128 GB. Màu: Xám/đen giả lập. Kết nối: Wi-Fi / 5G; SIM demo chưa kích hoạt. Phụ kiện: cáp sạc, ốp bảo vệ. Vị trí: Kho QA, kệ PHONE-3. Máy DEMO sẵn sàng kiểm thử. Phiên bản OS là ảnh chụp cấu hình test giả lập, không phải khuyến nghị cập nhật."
"SYP-LAB-22-PHONE-22","PHONE","ANDROID","Samsung Galaxy S21 Ultra 5G","DEMO22-PHONE-22","Android","12","AVAILABLE","128 GB","","","DEMO — thông tin tài sản giả lập, không phải kiểm kê máy thật. Nhóm: Smartphone Android. Bộ nhớ: 128 GB. Màu: Xám/đen giả lập. Kết nối: Wi-Fi / 5G; SIM demo chưa kích hoạt. Phụ kiện: cáp sạc, ốp bảo vệ. Vị trí: Kho QA, kệ PHONE-3. Máy DEMO sẵn sàng kiểm thử. Phiên bản OS là ảnh chụp cấu hình test giả lập, không phải khuyến nghị cập nhật."
"SYP-LAB-22-PHONE-23","PHONE","ANDROID","Samsung Galaxy S21 Ultra 5G","DEMO22-PHONE-23","Android","13","AVAILABLE","128 GB","","","DEMO — thông tin tài sản giả lập, không phải kiểm kê máy thật. Nhóm: Smartphone Android. Bộ nhớ: 128 GB. Màu: Xám/đen giả lập. Kết nối: Wi-Fi / 5G; SIM demo chưa kích hoạt. Phụ kiện: cáp sạc, ốp bảo vệ. Vị trí: Kho QA, kệ PHONE-3. Máy DEMO sẵn sàng kiểm thử. Phiên bản OS là ảnh chụp cấu hình test giả lập, không phải khuyến nghị cập nhật."
"SYP-LAB-22-PHONE-24","PHONE","ANDROID","Samsung Galaxy S21 Ultra 5G","DEMO22-PHONE-24","Android","14","AVAILABLE","128 GB","","","DEMO — thông tin tài sản giả lập, không phải kiểm kê máy thật. Nhóm: Smartphone Android. Bộ nhớ: 128 GB. Màu: Xám/đen giả lập. Kết nối: Wi-Fi / 5G; SIM demo chưa kích hoạt. Phụ kiện: cáp sạc, ốp bảo vệ. Vị trí: Kho QA, kệ PHONE-3. Máy DEMO sẵn sàng kiểm thử. Phiên bản OS là ảnh chụp cấu hình test giả lập, không phải khuyến nghị cập nhật."
"SYP-LAB-22-PHONE-25","PHONE","ANDROID","Samsung Galaxy S21 Ultra 5G","DEMO22-PHONE-25","Android","12","AVAILABLE","128 GB","","","DEMO — thông tin tài sản giả lập, không phải kiểm kê máy thật. Nhóm: Smartphone Android. Bộ nhớ: 128 GB. Màu: Xám/đen giả lập. Kết nối: Wi-Fi / 5G; SIM demo chưa kích hoạt. Phụ kiện: cáp sạc, ốp bảo vệ. Vị trí: Kho QA, kệ PHONE-3. Máy DEMO sẵn sàng kiểm thử. Phiên bản OS là ảnh chụp cấu hình test giả lập, không phải khuyến nghị cập nhật."
"SYP-LAB-22-PHONE-26","PHONE","ANDROID","Samsung Galaxy S21 Ultra 5G","DEMO22-PHONE-26","Android","13","AVAILABLE","128 GB","","","DEMO — thông tin tài sản giả lập, không phải kiểm kê máy thật. Nhóm: Smartphone Android. Bộ nhớ: 128 GB. Màu: Xám/đen giả lập. Kết nối: Wi-Fi / 5G; SIM demo chưa kích hoạt. Phụ kiện: cáp sạc, ốp bảo vệ. Vị trí: Kho QA, kệ PHONE-3. Máy DEMO sẵn sàng kiểm thử. Phiên bản OS là ảnh chụp cấu hình test giả lập, không phải khuyến nghị cập nhật."
"SYP-LAB-22-PHONE-27","PHONE","ANDROID","Samsung Galaxy S21 Ultra 5G","DEMO22-PHONE-27","Android","14","MAINTENANCE","128 GB","","","DEMO — thông tin tài sản giả lập, không phải kiểm kê máy thật. Nhóm: Smartphone Android. Bộ nhớ: 128 GB. Màu: Xám/đen giả lập. Kết nối: Wi-Fi / 5G; SIM demo chưa kích hoạt. Phụ kiện: cáp sạc, ốp bảo vệ. Vị trí: Khu bảo trì. Đang bảo trì DEMO: kiểm tra pin và cổng sạc. Phiên bản OS là ảnh chụp cấu hình test giả lập, không phải khuyến nghị cập nhật."
"SYP-LAB-22-PHONE-28","PHONE","ANDROID","Samsung Galaxy S21 Ultra 5G","DEMO22-PHONE-28","Android","12","MAINTENANCE","128 GB","","","DEMO — thông tin tài sản giả lập, không phải kiểm kê máy thật. Nhóm: Smartphone Android. Bộ nhớ: 128 GB. Màu: Xám/đen giả lập. Kết nối: Wi-Fi / 5G; SIM demo chưa kích hoạt. Phụ kiện: cáp sạc, ốp bảo vệ. Vị trí: Khu bảo trì. Đang bảo trì DEMO: kiểm tra pin và cổng sạc. Phiên bản OS là ảnh chụp cấu hình test giả lập, không phải khuyến nghị cập nhật."
"SYP-LAB-22-PHONE-29","PHONE","ANDROID","Samsung Galaxy S21 Ultra 5G","DEMO22-PHONE-29","Android","13","MAINTENANCE","128 GB","","","DEMO — thông tin tài sản giả lập, không phải kiểm kê máy thật. Nhóm: Smartphone Android. Bộ nhớ: 128 GB. Màu: Xám/đen giả lập. Kết nối: Wi-Fi / 5G; SIM demo chưa kích hoạt. Phụ kiện: cáp sạc, ốp bảo vệ. Vị trí: Khu bảo trì. Đang bảo trì DEMO: kiểm tra pin và cổng sạc. Phiên bản OS là ảnh chụp cấu hình test giả lập, không phải khuyến nghị cập nhật."
"SYP-LAB-22-PHONE-30","PHONE","ANDROID","Samsung Galaxy S21 Ultra 5G","DEMO22-PHONE-30","Android","14","RETIRED","128 GB","","","DEMO — thông tin tài sản giả lập, không phải kiểm kê máy thật. Nhóm: Smartphone Android. Bộ nhớ: 128 GB. Màu: Xám/đen giả lập. Kết nối: Wi-Fi / 5G; SIM demo chưa kích hoạt. Phụ kiện: cáp sạc, ốp bảo vệ. Vị trí: Kho lưu trữ. Ngừng dùng DEMO: máy dành kiểm thử trạng thái lưu trữ. Phiên bản OS là ảnh chụp cấu hình test giả lập, không phải khuyến nghị cập nhật."
